file,line,type,commit,author,date,time,timezone,datetime,depth,length
style.css,1,css,2fc20c73,Praveen Sharma,2025-04-12,20:28:48,-07:00,2025-04-12T20:28:48-07:00,0,6
style.css,2,css,2fc20c73,Praveen Sharma,2025-04-12,20:28:48,-07:00,2025-04-12T20:28:48-07:00,0,32
style.css,3,css,2fc20c73,Praveen Sharma,2025-04-12,20:28:48,-07:00,2025-04-12T20:28:48-07:00,0,33
style.css,4,css,3345cb16,Praveen Sharma,2025-04-18,21:29:38,-07:00,2025-04-18T21:29:38-07:00,0,24
style.css,5,css,eed0726b,Praveen Sharma,2025-05-02,23:03:07,-07:00,2025-05-02T23:03:07-07:00,0,0
style.css,6,css,eed0726b,Praveen Sharma,2025-05-02,23:03:07,-07:00,2025-05-02T23:03:07-07:00,0,0
style.css,7,css,eed0726b,Praveen Sharma,2025-05-02,23:03:07,-07:00,2025-05-02T23:03:07-07:00,0,5
style.css,8,css,585da7b3,Praveen Sharma,2025-04-04,17:43:22,-07:00,2025-04-04T17:43:22-07:00,0,24
style.css,9,css,2fc20c73,Praveen Sharma,2025-04-12,20:28:48,-07:00,2025-04-12T20:28:48-07:00,0,16
style.css,10,css,2fc20c73,Praveen Sharma,2025-04-12,20:28:48,-07:00,2025-04-12T20:28:48-07:00,0,43
style.css,11,css,eed0726b,Praveen Sharma,2025-05-02,23:03:07,-07:00,2025-05-02T23:03:07-07:00,0,0
style.css,12,css,eed0726b,Praveen Sharma,2025-05-02,23:03:07,-07:00,2025-05-02T23:03:07-07:00,0,0
style.css,13,css,eed0726b,Praveen Sharma,2025-05-02,23:03:07,-07:00,2025-05-02T23:03:07-07:00,0,7
style.css,14,css,2fc20c73,Praveen Sharma,2025-04-12,20:28:48,-07:00,2025-04-12T20:28:48-07:00,0,17
style.css,15,css,eed0726b,Praveen Sharma,2025-05-02,23:03:07,-07:00,2025-05-02T23:03:07-07:00,0,0
style.css,16,css,eed0726b,Praveen Sharma,2025-05-02,23:03:07,-07:00,2025-05-02T23:03:07-07:00,0,0
style.css,17,css,eed0726b,Praveen Sharma,2025-05-02,23:03:07,-07:00,2025-05-02T23:03:07-07:00,0,4
style.css,18,css,562251dd,Praveen Sharma,2025-04-18,20:18:11,-07:00,2025-04-18T20:18:11-07:00,0,40
style.css,19,css,2fc20c73,Praveen Sharma,2025-04-12,20:28:48,-07:00,2025-04-12T20:28:48-07:00,0,13
style.css,20,css,2fc20c73,Praveen Sharma,2025-04-12,20:28:48,-07:00,2025-04-12T20:28:48-07:00,0,18
style.css,21,css,eed0726b,Praveen Sharma,2025-05-02,23:03:07,-07:00,2025-05-02T23:03:07-07:00,0,44
style.css,22,css,eed0726b,Praveen Sharma,2025-05-02,23:03:07,-07:00,2025-05-02T23:03:07-07:00,0,0
style.css,23,css,eed0726b,Praveen Sharma,2025-05-02,23:03:07,-07:00,2025-05-02T23:03:07-07:00,0,0
style.css,24,css,eed0726b,Praveen Sharma,2025-05-02,23:03:07,-07:00,2025-05-02T23:03:07-07:00,0,6
style.css,25,css,2fc20c73,Praveen Sharma,2025-04-12,20:28:48,-07:00,2025-04-12T20:28:48-07:00,0,7
style.css,26,css,2fc20c73,Praveen Sharma,2025-04-12,20:28:48,-07:00,2025-04-12T20:28:48-07:00,0,21
style.css,27,css,2fc20c73,Praveen Sharma,2025-04-12,20:28:48,-07:00,2025-04-12T20:28:48-07:00,0,14
style.css,28,css,2fc20c73,Praveen Sharma,2025-04-12,20:28:48,-07:00,2025-04-12T20:28:48-07:00,0,14
style.css,29,css,2fc20c73,Praveen Sharma,2025-04-12,20:28:48,-07:00,2025-04-12T20:28:48-07:00,0,18
style.css,30,css,eed0726b,Praveen Sharma,2025-05-02,23:03:07,-07:00,2025-05-02T23:03:07-07:00,0,0
style.css,31,css,eed0726b,Praveen Sharma,2025-05-02,23:03:07,-07:00,2025-05-02T23:03:07-07:00,0,0
style.css,32,css,eed0726b,Praveen Sharma,2025-05-02,23:03:07,-07:00,2025-05-02T23:03:07-07:00,0,12
style.css,33,css,ee45805b,Praveen Sharma,2025-04-18,20:27:23,-07:00,2025-04-18T20:27:23-07:00,0,70
style.css,34,css,eed0726b,Praveen Sharma,2025-05-02,23:03:07,-07:00,2025-05-02T23:03:07-07:00,0,46
style.css,35,css,eed0726b,Praveen Sharma,2025-05-02,23:03:07,-07:00,2025-05-02T23:03:07-07:00,0,0
style.css,36,css,eed0726b,Praveen Sharma,2025-05-02,23:03:07,-07:00,2025-05-02T23:03:07-07:00,0,0
style.css,37,css,eed0726b,Praveen Sharma,2025-05-02,23:03:07,-07:00,2025-05-02T23:03:07-07:00,0,14
style.css,38,css,eed0726b,Praveen Sharma,2025-05-02,23:03:07,-07:00,2025-05-02T23:03:07-07:00,0,46
style.css,39,css,2fc20c73,Praveen Sharma,2025-04-12,20:28:48,-07:00,2025-04-12T20:28:48-07:00,0,17
style.css,40,css,eed0726b,Praveen Sharma,2025-05-02,23:03:07,-07:00,2025-05-02T23:03:07-07:00,0,0
style.css,41,css,eed0726b,Praveen Sharma,2025-05-02,23:03:07,-07:00,2025-05-02T23:03:07-07:00,0,0
style.css,42,css,eed0726b,Praveen Sharma,2025-05-02,23:03:07,-07:00,2025-05-02T23:03:07-07:00,0,32
style.css,43,css,2fc20c73,Praveen Sharma,2025-04-12,20:28:48,-07:00,2025-04-12T20:28:48-07:00,0,13
style.css,44,css,eed0726b,Praveen Sharma,2025-05-02,23:03:07,-07:00,2025-05-02T23:03:07-07:00,0,0
style.css,45,css,eed0726b,Praveen Sharma,2025-05-02,23:03:07,-07:00,2025-05-02T23:03:07-07:00,0,0
style.css,46,css,eed0726b,Praveen Sharma,2025-05-02,23:03:07,-07:00,2025-05-02T23:03:07-07:00,0,5
style.css,47,css,2fc20c73,Praveen Sharma,2025-04-12,20:28:48,-07:00,2025-04-12T20:28:48-07:00,0,13
style.css,48,css,2fc20c73,Praveen Sharma,2025-04-12,20:28:48,-07:00,2025-04-12T20:28:48-07:00,0,31
style.css,49,css,2fc20c73,Praveen Sharma,2025-04-12,20:28:48,-07:00,2025-04-12T20:28:48-07:00,0,8
style.css,50,css,eed0726b,Praveen Sharma,2025-05-02,23:03:07,-07:00,2025-05-02T23:03:07-07:00,0,0
style.css,51,css,eed0726b,Praveen Sharma,2025-05-02,23:03:07,-07:00,2025-05-02T23:03:07-07:00,0,0
style.css,52,css,eed0726b,Praveen Sharma,2025-05-02,23:03:07,-07:00,2025-05-02T23:03:07-07:00,0,11
style.css,53,css,2fc20c73,Praveen Sharma,2025-04-12,20:28:48,-07:00,2025-04-12T20:28:48-07:00,0,13
style.css,54,css,2fc20c73,Praveen Sharma,2025-04-12,20:28:48,-07:00,2025-04-12T20:28:48-07:00,0,30
style.css,55,css,eed0726b,Praveen Sharma,2025-05-02,23:03:07,-07:00,2025-05-02T23:03:07-07:00,0,0
style.css,56,css,eed0726b,Praveen Sharma,2025-05-02,23:03:07,-07:00,2025-05-02T23:03:07-07:00,0,0
style.css,57,css,eed0726b,Praveen Sharma,2025-05-02,23:03:07,-07:00,2025-05-02T23:03:07-07:00,0,19
style.css,58,css,2fc20c73,Praveen Sharma,2025-04-12,20:28:48,-07:00,2025-04-12T20:28:48-07:00,0,19
style.css,59,css,eed0726b,Praveen Sharma,2025-05-02,23:03:07,-07:00,2025-05-02T23:03:07-07:00,0,0
style.css,60,css,eed0726b,Praveen Sharma,2025-05-02,23:03:07,-07:00,2025-05-02T23:03:07-07:00,0,0
style.css,61,css,eed0726b,Praveen Sharma,2025-05-02,23:03:07,-07:00,2025-05-02T23:03:07-07:00,0,10
style.css,62,css,2fc20c73,Praveen Sharma,2025-04-12,20:28:48,-07:00,2025-04-12T20:28:48-07:00,0,13
style.css,63,css,2fc20c73,Praveen Sharma,2025-04-12,20:28:48,-07:00,2025-04-12T20:28:48-07:00,0,59
style.css,64,css,2fc20c73,Praveen Sharma,2025-04-12,20:28:48,-07:00,2025-04-12T20:28:48-07:00,0,8
style.css,65,css,eed0726b,Praveen Sharma,2025-05-02,23:03:07,-07:00,2025-05-02T23:03:07-07:00,0,0
style.css,66,css,eed0726b,Praveen Sharma,2025-05-02,23:03:07,-07:00,2025-05-02T23:03:07-07:00,0,0
style.css,67,css,eed0726b,Praveen Sharma,2025-05-02,23:03:07,-07:00,2025-05-02T23:03:07-07:00,0,18
style.css,68,css,eed0726b,Praveen Sharma,2025-05-02,23:03:07,-07:00,2025-05-02T23:03:07-07:00,0,27
style.css,69,css,eed0726b,Praveen Sharma,2025-05-02,23:03:07,-07:00,2025-05-02T23:03:07-07:00,0,16
style.css,70,css,eed0726b,Praveen Sharma,2025-05-02,23:03:07,-07:00,2025-05-02T23:03:07-07:00,0,0
style.css,71,css,eed0726b,Praveen Sharma,2025-05-02,23:03:07,-07:00,2025-05-02T23:03:07-07:00,0,0
style.css,72,css,eed0726b,Praveen Sharma,2025-05-02,23:03:07,-07:00,2025-05-02T23:03:07-07:00,0,21
style.css,73,css,eed0726b,Praveen Sharma,2025-05-02,23:03:07,-07:00,2025-05-02T23:03:07-07:00,0,9
style.css,74,css,eed0726b,Praveen Sharma,2025-05-02,23:03:07,-07:00,2025-05-02T23:03:07-07:00,0,0
style.css,75,css,eed0726b,Praveen Sharma,2025-05-02,23:03:07,-07:00,2025-05-02T23:03:07-07:00,0,0
style.css,76,css,eed0726b,Praveen Sharma,2025-05-02,23:03:07,-07:00,2025-05-02T23:03:07-07:00,0,3
style.css,77,css,2fc20c73,Praveen Sharma,2025-04-12,20:28:48,-07:00,2025-04-12T20:28:48-07:00,0,15
style.css,78,css,eed0726b,Praveen Sharma,2025-05-02,23:03:07,-07:00,2025-05-02T23:03:07-07:00,0,0
style.css,79,css,eed0726b,Praveen Sharma,2025-05-02,23:03:07,-07:00,2025-05-02T23:03:07-07:00,0,0
style.css,80,css,eed0726b,Praveen Sharma,2025-05-02,23:03:07,-07:00,2025-05-02T23:03:07-07:00,0,23
style.css,81,css,2fc20c73,Praveen Sharma,2025-04-12,20:28:48,-07:00,2025-04-12T20:28:48-07:00,0,16
style.css,82,css,2fc20c73,Praveen Sharma,2025-04-12,20:28:48,-07:00,2025-04-12T20:28:48-07:00,0,18
style.css,83,css,eed0726b,Praveen Sharma,2025-05-02,23:03:07,-07:00,2025-05-02T23:03:07-07:00,0,0
style.css,84,css,eed0726b,Praveen Sharma,2025-05-02,23:03:07,-07:00,2025-05-02T23:03:07-07:00,0,0
style.css,85,css,eed0726b,Praveen Sharma,2025-05-02,23:03:07,-07:00,2025-05-02T23:03:07-07:00,0,8
style.css,86,css,2fc20c73,Praveen Sharma,2025-04-12,20:28:48,-07:00,2025-04-12T20:28:48-07:00,0,17
style.css,87,css,eed0726b,Praveen Sharma,2025-05-02,23:03:07,-07:00,2025-05-02T23:03:07-07:00,0,0
style.css,88,css,eed0726b,Praveen Sharma,2025-05-02,23:03:07,-07:00,2025-05-02T23:03:07-07:00,0,0
style.css,89,css,eed0726b,Praveen Sharma,2025-05-02,23:03:07,-07:00,2025-05-02T23:03:07-07:00,0,18
style.css,90,css,2fc20c73,Praveen Sharma,2025-04-12,20:28:48,-07:00,2025-04-12T20:28:48-07:00,0,26
style.css,91,css,2fc20c73,Praveen Sharma,2025-04-12,20:28:48,-07:00,2025-04-12T20:28:48-07:00,0,16
style.css,92,css,2fc20c73,Praveen Sharma,2025-04-12,20:28:48,-07:00,2025-04-12T20:28:48-07:00,0,20
style.css,93,css,eed0726b,Praveen Sharma,2025-05-02,23:03:07,-07:00,2025-05-02T23:03:07-07:00,0,0
style.css,94,css,eed0726b,Praveen Sharma,2025-05-02,23:03:07,-07:00,2025-05-02T23:03:07-07:00,0,0
style.css,95,css,eed0726b,Praveen Sharma,2025-05-02,23:03:07,-07:00,2025-05-02T23:03:07-07:00,0,8
style.css,96,css,2fc20c73,Praveen Sharma,2025-04-12,20:28:48,-07:00,2025-04-12T20:28:48-07:00,0,20
style.css,97,css,eed0726b,Praveen Sharma,2025-05-02,23:03:07,-07:00,2025-05-02T23:03:07-07:00,0,0
style.css,98,css,eed0726b,Praveen Sharma,2025-05-02,23:03:07,-07:00,2025-05-02T23:03:07-07:00,0,0
style.css,99,css,eed0726b,Praveen Sharma,2025-05-02,23:03:07,-07:00,2025-05-02T23:03:07-07:00,0,11
style.css,100,css,2fc20c73,Praveen Sharma,2025-04-12,20:28:48,-07:00,2025-04-12T20:28:48-07:00,0,21
style.css,101,css,2fc20c73,Praveen Sharma,2025-04-12,20:28:48,-07:00,2025-04-12T20:28:48-07:00,0,16
style.css,102,css,eed0726b,Praveen Sharma,2025-05-02,23:03:07,-07:00,2025-05-02T23:03:07-07:00,0,0
style.css,103,css,eed0726b,Praveen Sharma,2025-05-02,23:03:07,-07:00,2025-05-02T23:03:07-07:00,0,0
style.css,104,css,eed0726b,Praveen Sharma,2025-05-02,23:03:07,-07:00,2025-05-02T23:03:07-07:00,0,10
style.css,105,css,2fc20c73,Praveen Sharma,2025-04-12,20:28:48,-07:00,2025-04-12T20:28:48-07:00,0,16
style.css,106,css,eed0726b,Praveen Sharma,2025-05-02,23:03:07,-07:00,2025-05-02T23:03:07-07:00,0,0
style.css,107,css,eed0726b,Praveen Sharma,2025-05-02,23:03:07,-07:00,2025-05-02T23:03:07-07:00,0,0
style.css,108,css,eed0726b,Praveen Sharma,2025-05-02,23:03:07,-07:00,2025-05-02T23:03:07-07:00,0,5
style.css,109,css,2fc20c73,Praveen Sharma,2025-04-12,20:28:48,-07:00,2025-04-12T20:28:48-07:00,0,24
style.css,110,css,2fc20c73,Praveen Sharma,2025-04-12,20:28:48,-07:00,2025-04-12T20:28:48-07:00,0,16
style.css,111,css,eed0726b,Praveen Sharma,2025-05-02,23:03:07,-07:00,2025-05-02T23:03:07-07:00,0,0
style.css,112,css,eed0726b,Praveen Sharma,2025-05-02,23:03:07,-07:00,2025-05-02T23:03:07-07:00,0,0
style.css,113,css,eed0726b,Praveen Sharma,2025-05-02,23:03:07,-07:00,2025-05-02T23:03:07-07:00,0,11
style.css,114,css,2fc20c73,Praveen Sharma,2025-04-12,20:28:48,-07:00,2025-04-12T20:28:48-07:00,0,16
style.css,115,css,2fc20c73,Praveen Sharma,2025-04-12,20:28:48,-07:00,2025-04-12T20:28:48-07:00,0,10
style.css,116,css,2fc20c73,Praveen Sharma,2025-04-12,20:28:48,-07:00,2025-04-12T20:28:48-07:00,0,9
style.css,117,css,2fc20c73,Praveen Sharma,2025-04-12,20:28:48,-07:00,2025-04-12T20:28:48-07:00,0,13
style.css,118,css,2fc20c73,Praveen Sharma,2025-04-12,20:28:48,-07:00,2025-04-12T20:28:48-07:00,0,10
style.css,119,css,eed0726b,Praveen Sharma,2025-05-02,23:03:07,-07:00,2025-05-02T23:03:07-07:00,0,0
style.css,120,css,eed0726b,Praveen Sharma,2025-05-02,23:03:07,-07:00,2025-05-02T23:03:07-07:00,0,0
style.css,121,css,eed0726b,Praveen Sharma,2025-05-02,23:03:07,-07:00,2025-05-02T23:03:07-07:00,0,11
style.css,122,css,2fc20c73,Praveen Sharma,2025-04-12,20:28:48,-07:00,2025-04-12T20:28:48-07:00,0,29
style.css,123,css,2fc20c73,Praveen Sharma,2025-04-12,20:28:48,-07:00,2025-04-12T20:28:48-07:00,0,21
style.css,124,css,2fc20c73,Praveen Sharma,2025-04-12,20:28:48,-07:00,2025-04-12T20:28:48-07:00,0,20
style.css,125,css,2fc20c73,Praveen Sharma,2025-04-12,20:28:48,-07:00,2025-04-12T20:28:48-07:00,0,21
style.css,126,css,2fc20c73,Praveen Sharma,2025-04-12,20:28:48,-07:00,2025-04-12T20:28:48-07:00,0,18
style.css,127,css,eed0726b,Praveen Sharma,2025-05-02,23:03:07,-07:00,2025-05-02T23:03:07-07:00,0,0
style.css,128,css,eed0726b,Praveen Sharma,2025-05-02,23:03:07,-07:00,2025-05-02T23:03:07-07:00,0,0
style.css,129,css,eed0726b,Praveen Sharma,2025-05-02,23:03:07,-07:00,2025-05-02T23:03:07-07:00,0,9
style.css,130,css,2fc20c73,Praveen Sharma,2025-04-12,20:28:48,-07:00,2025-04-12T20:28:48-07:00,0,17
style.css,131,css,2fc20c73,Praveen Sharma,2025-04-12,20:28:48,-07:00,2025-04-12T20:28:48-07:00,0,17
style.css,132,css,2fc20c73,Praveen Sharma,2025-04-12,20:28:48,-07:00,2025-04-12T20:28:48-07:00,0,24
style.css,133,css,eed0726b,Praveen Sharma,2025-05-02,23:03:07,-07:00,2025-05-02T23:03:07-07:00,0,0
style.css,134,css,eed0726b,Praveen Sharma,2025-05-02,23:03:07,-07:00,2025-05-02T23:03:07-07:00,0,0
style.css,135,css,eed0726b,Praveen Sharma,2025-05-02,23:03:07,-07:00,2025-05-02T23:03:07-07:00,0,14
style.css,136,css,993fb207,Praveen Sharma,2025-04-18,20:39:24,-07:00,2025-04-18T20:39:24-07:00,0,18
style.css,137,css,7b0c16bc,Praveen Sharma,2025-04-18,20:47:30,-07:00,2025-04-18T20:47:30-07:00,0,9
style.css,138,css,7b0c16bc,Praveen Sharma,2025-04-18,20:47:30,-07:00,2025-04-18T20:47:30-07:00,0,11
style.css,139,css,7b0c16bc,Praveen Sharma,2025-04-18,20:47:30,-07:00,2025-04-18T20:47:30-07:00,0,14
style.css,140,css,eed0726b,Praveen Sharma,2025-05-02,23:03:07,-07:00,2025-05-02T23:03:07-07:00,0,0
style.css,141,css,eed0726b,Praveen Sharma,2025-05-02,23:03:07,-07:00,2025-05-02T23:03:07-07:00,0,0
style.css,142,css,eed0726b,Praveen Sharma,2025-05-02,23:03:07,-07:00,2025-05-02T23:03:07-07:00,0,18
style.css,143,css,0cce4e17,Praveen Sharma,2025-04-26,21:10:08,-07:00,2025-04-26T21:10:08-07:00,0,13
style.css,144,css,0cce4e17,Praveen Sharma,2025-04-26,21:10:08,-07:00,2025-04-26T21:10:08-07:00,0,37
style.css,145,css,0cce4e17,Praveen Sharma,2025-04-26,21:10:08,-07:00,2025-04-26T21:10:08-07:00,0,9
style.css,146,css,0cce4e17,Praveen Sharma,2025-04-26,21:10:08,-07:00,2025-04-26T21:10:08-07:00,0,14
style.css,147,css,eed0726b,Praveen Sharma,2025-05-02,23:03:07,-07:00,2025-05-02T23:03:07-07:00,0,0
style.css,148,css,eed0726b,Praveen Sharma,2025-05-02,23:03:07,-07:00,2025-05-02T23:03:07-07:00,0,0
style.css,149,css,eed0726b,Praveen Sharma,2025-05-02,23:03:07,-07:00,2025-05-02T23:03:07-07:00,0,18
style.css,150,css,0cce4e17,Praveen Sharma,2025-04-26,21:10:08,-07:00,2025-04-26T21:10:08-07:00,0,11
style.css,151,css,0cce4e17,Praveen Sharma,2025-04-26,21:10:08,-07:00,2025-04-26T21:10:08-07:00,0,17
style.css,152,css,eed0726b,Praveen Sharma,2025-05-02,23:03:07,-07:00,2025-05-02T23:03:07-07:00,0,0
style.css,153,css,eed0726b,Praveen Sharma,2025-05-02,23:03:07,-07:00,2025-05-02T23:03:07-07:00,0,0
style.css,154,css,eed0726b,Praveen Sharma,2025-05-02,23:03:07,-07:00,2025-05-02T23:03:07-07:00,0,18
style.css,155,css,0cce4e17,Praveen Sharma,2025-04-26,21:10:08,-07:00,2025-04-26T21:10:08-07:00,0,11
style.css,156,css,0cce4e17,Praveen Sharma,2025-04-26,21:10:08,-07:00,2025-04-26T21:10:08-07:00,0,9
style.css,157,css,eed0726b,Praveen Sharma,2025-05-02,23:03:07,-07:00,2025-05-02T23:03:07-07:00,0,0
style.css,158,css,eed0726b,Praveen Sharma,2025-05-02,23:03:07,-07:00,2025-05-02T23:03:07-07:00,0,0
style.css,159,css,eed0726b,Praveen Sharma,2025-05-02,23:03:07,-07:00,2025-05-02T23:03:07-07:00,0,31
style.css,160,css,eed0726b,Praveen Sharma,2025-05-02,23:03:07,-07:00,2025-05-02T23:03:07-07:00,0,15
style.css,161,css,04bbc59d,Praveen Sharma,2025-05-02,22:49:53,-07:00,2025-05-02T22:49:53-07:00,0,13
style.css,162,css,eed0726b,Praveen Sharma,2025-05-02,23:03:07,-07:00,2025-05-02T23:03:07-07:00,0,15
style.css,163,css,04bbc59d,Praveen Sharma,2025-05-02,22:49:53,-07:00,2025-05-02T22:49:53-07:00,0,8
style.css,164,css,04bbc59d,Praveen Sharma,2025-05-02,22:49:53,-07:00,2025-05-02T22:49:53-07:00,0,19
style.css,165,css,eed0726b,Praveen Sharma,2025-05-02,23:03:07,-07:00,2025-05-02T23:03:07-07:00,0,23
style.css,166,css,eed0726b,Praveen Sharma,2025-05-02,23:03:07,-07:00,2025-05-02T23:03:07-07:00,0,17
style.css,167,css,eed0726b,Praveen Sharma,2025-05-02,23:03:07,-07:00,2025-05-02T23:03:07-07:00,0,15
style.css,168,css,eed0726b,Praveen Sharma,2025-05-02,23:03:07,-07:00,2025-05-02T23:03:07-07:00,0,0
style.css,169,css,04bbc59d,Praveen Sharma,2025-05-02,22:49:53,-07:00,2025-05-02T22:49:53-07:00,0,0
style.css,170,css,04bbc59d,Praveen Sharma,2025-05-02,22:49:53,-07:00,2025-05-02T22:49:53-07:00,0,14
style.css,171,css,04bbc59d,Praveen Sharma,2025-05-02,22:49:53,-07:00,2025-05-02T22:49:53-07:00,0,19
style.css,172,css,04bbc59d,Praveen Sharma,2025-05-02,22:49:53,-07:00,2025-05-02T22:49:53-07:00,0,15
style.css,173,css,eed0726b,Praveen Sharma,2025-05-02,23:03:07,-07:00,2025-05-02T23:03:07-07:00,0,19
style.css,174,css,04bbc59d,Praveen Sharma,2025-05-02,22:49:53,-07:00,2025-05-02T22:49:53-07:00,0,17
style.css,175,css,eed0726b,Praveen Sharma,2025-05-02,23:03:07,-07:00,2025-05-02T23:03:07-07:00,0,14
style.css,176,css,eed0726b,Praveen Sharma,2025-05-02,23:03:07,-07:00,2025-05-02T23:03:07-07:00,0,0
style.css,177,css,04bbc59d,Praveen Sharma,2025-05-02,22:49:53,-07:00,2025-05-02T22:49:53-07:00,0,0
style.css,178,css,04bbc59d,Praveen Sharma,2025-05-02,22:49:53,-07:00,2025-05-02T22:49:53-07:00,0,18
style.css,179,css,04bbc59d,Praveen Sharma,2025-05-02,22:49:53,-07:00,2025-05-02T22:49:53-07:00,0,8
style.css,180,css,04bbc59d,Praveen Sharma,2025-05-02,22:49:53,-07:00,2025-05-02T22:49:53-07:00,0,13
style.css,181,css,04bbc59d,Praveen Sharma,2025-05-02,22:49:53,-07:00,2025-05-02T22:49:53-07:00,0,58
style.css,182,css,04bbc59d,Praveen Sharma,2025-05-02,22:49:53,-07:00,2025-05-02T22:49:53-07:00,0,8
style.css,183,css,04bbc59d,Praveen Sharma,2025-05-02,22:49:53,-07:00,2025-05-02T22:49:53-07:00,0,12
style.css,184,css,eed0726b,Praveen Sharma,2025-05-02,23:03:07,-07:00,2025-05-02T23:03:07-07:00,0,23
style.css,185,css,04bbc59d,Praveen Sharma,2025-05-02,22:49:53,-07:00,2025-05-02T22:49:53-07:00,0,7
style.css,186,css,eed0726b,Praveen Sharma,2025-05-02,23:03:07,-07:00,2025-05-02T23:03:07-07:00,0,0
style.css,187,css,04bbc59d,Praveen Sharma,2025-05-02,22:49:53,-07:00,2025-05-02T22:49:53-07:00,0,0
style.css,188,css,04bbc59d,Praveen Sharma,2025-05-02,22:49:53,-07:00,2025-05-02T22:49:53-07:00,0,11
style.css,189,css,04bbc59d,Praveen Sharma,2025-05-02,22:49:53,-07:00,2025-05-02T22:49:53-07:00,0,13
style.css,190,css,04bbc59d,Praveen Sharma,2025-05-02,22:49:53,-07:00,2025-05-02T22:49:53-07:00,0,19
style.css,191,css,04bbc59d,Praveen Sharma,2025-05-02,22:49:53,-07:00,2025-05-02T22:49:53-07:00,0,10
style.css,192,css,eed0726b,Praveen Sharma,2025-05-02,23:03:07,-07:00,2025-05-02T23:03:07-07:00,0,0
style.css,193,css,04bbc59d,Praveen Sharma,2025-05-02,22:49:53,-07:00,2025-05-02T22:49:53-07:00,0,0
style.css,194,css,04bbc59d,Praveen Sharma,2025-05-02,22:49:53,-07:00,2025-05-02T22:49:53-07:00,0,16
style.css,195,css,04bbc59d,Praveen Sharma,2025-05-02,22:49:53,-07:00,2025-05-02T22:49:53-07:00,0,21
style.css,196,css,04bbc59d,Praveen Sharma,2025-05-02,22:49:53,-07:00,2025-05-02T22:49:53-07:00,0,10
style.css,197,css,eed0726b,Praveen Sharma,2025-05-02,23:03:07,-07:00,2025-05-02T23:03:07-07:00,0,19
style.css,198,css,04bbc59d,Praveen Sharma,2025-05-02,22:49:53,-07:00,2025-05-02T22:49:53-07:00,0,30
style.css,199,css,eed0726b,Praveen Sharma,2025-05-02,23:03:07,-07:00,2025-05-02T23:03:07-07:00,0,18
style.css,200,css,eed0726b,Praveen Sharma,2025-05-02,23:03:07,-07:00,2025-05-02T23:03:07-07:00,0,0
style.css,201,css,eed0726b,Praveen Sharma,2025-05-02,23:03:07,-07:00,2025-05-02T23:03:07-07:00,0,0
style.css,202,css,eed0726b,Praveen Sharma,2025-05-02,23:03:07,-07:00,2025-05-02T23:03:07-07:00,0,15
style.css,203,css,eed0726b,Praveen Sharma,2025-05-02,23:03:07,-07:00,2025-05-02T23:03:07-07:00,0,11
style.css,204,css,04bbc59d,Praveen Sharma,2025-05-02,22:49:53,-07:00,2025-05-02T22:49:53-07:00,0,15
style.css,205,css,eed0726b,Praveen Sharma,2025-05-02,23:03:07,-07:00,2025-05-02T23:03:07-07:00,0,18
style.css,206,css,04bbc59d,Praveen Sharma,2025-05-02,22:49:53,-07:00,2025-05-02T22:49:53-07:00,0,19
style.css,207,css,04bbc59d,Praveen Sharma,2025-05-02,22:49:53,-07:00,2025-05-02T22:49:53-07:00,0,15
style.css,208,css,04bbc59d,Praveen Sharma,2025-05-02,22:49:53,-07:00,2025-05-02T22:49:53-07:00,0,11
style.css,209,css,04bbc59d,Praveen Sharma,2025-05-02,22:49:53,-07:00,2025-05-02T22:49:53-07:00,0,22
style.css,210,css,04bbc59d,Praveen Sharma,2025-05-02,22:49:53,-07:00,2025-05-02T22:49:53-07:00,0,22
style.css,211,css,04bbc59d,Praveen Sharma,2025-05-02,22:49:53,-07:00,2025-05-02T22:49:53-07:00,0,20
style.css,212,css,04bbc59d,Praveen Sharma,2025-05-02,22:49:53,-07:00,2025-05-02T22:49:53-07:00,0,0
style.css,213,css,04bbc59d,Praveen Sharma,2025-05-02,22:49:53,-07:00,2025-05-02T22:49:53-07:00,0,0
style.css,214,css,eed0726b,Praveen Sharma,2025-05-02,23:03:07,-07:00,2025-05-02T23:03:07-07:00,0,25
style.css,215,css,eed0726b,Praveen Sharma,2025-05-02,23:03:07,-07:00,2025-05-02T23:03:07-07:00,0,24
style.css,216,css,04bbc59d,Praveen Sharma,2025-05-02,22:49:53,-07:00,2025-05-02T22:49:53-07:00,0,17
style.css,217,css,04bbc59d,Praveen Sharma,2025-05-02,22:49:53,-07:00,2025-05-02T22:49:53-07:00,0,15
style.css,218,css,04bbc59d,Praveen Sharma,2025-05-02,22:49:53,-07:00,2025-05-02T22:49:53-07:00,0,0
style.css,219,css,04bbc59d,Praveen Sharma,2025-05-02,22:49:53,-07:00,2025-05-02T22:49:53-07:00,0,0
style.css,220,css,04bbc59d,Praveen Sharma,2025-05-02,22:49:53,-07:00,2025-05-02T22:49:53-07:00,0,52
style.css,221,css,04bbc59d,Praveen Sharma,2025-05-02,22:49:53,-07:00,2025-05-02T22:49:53-07:00,0,12
style.css,222,css,04bbc59d,Praveen Sharma,2025-05-02,22:49:53,-07:00,2025-05-02T22:49:53-07:00,0,0
style.css,223,css,04bbc59d,Praveen Sharma,2025-05-02,22:49:53,-07:00,2025-05-02T22:49:53-07:00,0,0
style.css,224,css,04bbc59d,Praveen Sharma,2025-05-02,22:49:53,-07:00,2025-05-02T22:49:53-07:00,0,10
style.css,225,css,04bbc59d,Praveen Sharma,2025-05-02,22:49:53,-07:00,2025-05-02T22:49:53-07:00,0,36
style.css,226,css,04bbc59d,Praveen Sharma,2025-05-02,22:49:53,-07:00,2025-05-02T22:49:53-07:00,0,0
style.css,227,css,04bbc59d,Praveen Sharma,2025-05-02,22:49:53,-07:00,2025-05-02T22:49:53-07:00,0,0
style.css,228,css,04bbc59d,Praveen Sharma,2025-05-02,22:49:53,-07:00,2025-05-02T22:49:53-07:00,0,19
style.css,229,css,04bbc59d,Praveen Sharma,2025-05-02,22:49:53,-07:00,2025-05-02T22:49:53-07:00,0,18
style.css,230,css,04bbc59d,Praveen Sharma,2025-05-02,22:49:53,-07:00,2025-05-02T22:49:53-07:00,0,0
style.css,231,css,04bbc59d,Praveen Sharma,2025-05-02,22:49:53,-07:00,2025-05-02T22:49:53-07:00,0,0
style.css,232,css,04bbc59d,Praveen Sharma,2025-05-02,22:49:53,-07:00,2025-05-02T22:49:53-07:00,0,17
style.css,233,css,04bbc59d,Praveen Sharma,2025-05-02,22:49:53,-07:00,2025-05-02T22:49:53-07:00,0,17
style.css,234,css,04bbc59d,Praveen Sharma,2025-05-02,22:49:53,-07:00,2025-05-02T22:49:53-07:00,0,26
style.css,235,css,04bbc59d,Praveen Sharma,2025-05-02,22:49:53,-07:00,2025-05-02T22:49:53-07:00,0,0
style.css,236,css,04bbc59d,Praveen Sharma,2025-05-02,22:49:53,-07:00,2025-05-02T22:49:53-07:00,0,0
index.js,1,js,0cce4e17,Praveen Sharma,2025-04-26,21:10:08,-07:00,2025-04-26T21:10:08-07:00,0,72
index.js,2,js,0cce4e17,Praveen Sharma,2025-04-26,21:10:08,-07:00,2025-04-26T21:10:08-07:00,0,0
index.js,3,js,0cce4e17,Praveen Sharma,2025-04-26,21:10:08,-07:00,2025-04-26T21:10:08-07:00,0,33
index.js,4,js,0cce4e17,Praveen Sharma,2025-04-26,21:10:08,-07:00,2025-04-26T21:10:08-07:00,0,0
index.js,5,js,0cce4e17,Praveen Sharma,2025-04-26,21:10:08,-07:00,2025-04-26T21:10:08-07:00,0,52
index.js,6,js,0cce4e17,Praveen Sharma,2025-04-26,21:10:08,-07:00,2025-04-26T21:10:08-07:00,0,55
index.js,7,js,0cce4e17,Praveen Sharma,2025-04-26,21:10:08,-07:00,2025-04-26T21:10:08-07:00,0,43
index.js,8,js,0cce4e17,Praveen Sharma,2025-04-26,21:10:08,-07:00,2025-04-26T21:10:08-07:00,0,61
index.js,9,js,0cce4e17,Praveen Sharma,2025-04-26,21:10:08,-07:00,2025-04-26T21:10:08-07:00,0,0
index.js,10,js,0cce4e17,Praveen Sharma,2025-04-26,21:10:08,-07:00,2025-04-26T21:10:08-07:00,0,49
index.js,11,js,0cce4e17,Praveen Sharma,2025-04-26,21:10:08,-07:00,2025-04-26T21:10:08-07:00,0,55
index.js,12,js,0cce4e17,Praveen Sharma,2025-04-26,21:10:08,-07:00,2025-04-26T21:10:08-07:00,0,7
index.js,13,js,0cce4e17,Praveen Sharma,2025-04-26,21:10:08,-07:00,2025-04-26T21:10:08-07:00,0,66
index.js,14,js,0cce4e17,Praveen Sharma,2025-04-26,21:10:08,-07:00,2025-04-26T21:10:08-07:00,0,0
index.js,15,js,0cce4e17,Praveen Sharma,2025-04-26,21:10:08,-07:00,2025-04-26T21:10:08-07:00,0,0
index.js,16,js,0cce4e17,Praveen Sharma,2025-04-26,21:10:08,-07:00,2025-04-26T21:10:08-07:00,0,36
index.js,17,js,0cce4e17,Praveen Sharma,2025-04-26,21:10:08,-07:00,2025-04-26T21:10:08-07:00,0,96
index.js,18,js,0cce4e17,Praveen Sharma,2025-04-26,21:10:08,-07:00,2025-04-26T21:10:08-07:00,0,39
index.js,19,js,0cce4e17,Praveen Sharma,2025-04-26,21:10:08,-07:00,2025-04-26T21:10:08-07:00,0,0
index.js,20,js,0cce4e17,Praveen Sharma,2025-04-26,21:10:08,-07:00,2025-04-26T21:10:08-07:00,0,55
index.js,21,js,0cce4e17,Praveen Sharma,2025-04-26,21:10:08,-07:00,2025-04-26T21:10:08-07:00,0,61
index.js,22,js,0cce4e17,Praveen Sharma,2025-04-26,21:10:08,-07:00,2025-04-26T21:10:08-07:00,0,0
index.js,23,js,0cce4e17,Praveen Sharma,2025-04-26,21:10:08,-07:00,2025-04-26T21:10:08-07:00,0,47
index.js,24,js,0cce4e17,Praveen Sharma,2025-04-26,21:10:08,-07:00,2025-04-26T21:10:08-07:00,0,32
index.js,25,js,0cce4e17,Praveen Sharma,2025-04-26,21:10:08,-07:00,2025-04-26T21:10:08-07:00,0,25
index.js,26,js,0cce4e17,Praveen Sharma,2025-04-26,21:10:08,-07:00,2025-04-26T21:10:08-07:00,0,20
index.js,27,js,0cce4e17,Praveen Sharma,2025-04-26,21:10:08,-07:00,2025-04-26T21:10:08-07:00,0,3
index.js,28,js,0cce4e17,Praveen Sharma,2025-04-26,21:10:08,-07:00,2025-04-26T21:10:08-07:00,0,56
index.js,29,js,0cce4e17,Praveen Sharma,2025-04-26,21:10:08,-07:00,2025-04-26T21:10:08-07:00,0,56
index.js,30,js,0cce4e17,Praveen Sharma,2025-04-26,21:10:08,-07:00,2025-04-26T21:10:08-07:00,0,50
index.js,31,js,0cce4e17,Praveen Sharma,2025-04-26,21:10:08,-07:00,2025-04-26T21:10:08-07:00,0,50
index.js,32,js,0cce4e17,Praveen Sharma,2025-04-26,21:10:08,-07:00,2025-04-26T21:10:08-07:00,0,4
index.js,33,js,0cce4e17,Praveen Sharma,2025-04-26,21:10:08,-07:00,2025-04-26T21:10:08-07:00,0,1
index.js,34,js,0cce4e17,Praveen Sharma,2025-04-26,21:10:08,-07:00,2025-04-26T21:10:08-07:00,0,0
index.html,1,html,b13b97a5,Praveen Sharma,2025-04-04,17:07:54,-07:00,2025-04-04T17:07:54-07:00,0,14
index.html,2,html,b13b97a5,Praveen Sharma,2025-04-04,17:07:54,-07:00,2025-04-04T17:07:54-07:00,0,15
index.html,3,html,b13b97a5,Praveen Sharma,2025-04-04,17:07:54,-07:00,2025-04-04T17:07:54-07:00,0,5
index.html,4,html,b13b97a5,Praveen Sharma,2025-04-04,17:07:54,-07:00,2025-04-04T17:07:54-07:00,0,21
index.html,5,html,b13b97a5,Praveen Sharma,2025-04-04,17:07:54,-07:00,2025-04-04T17:07:54-07:00,0,69
index.html,6,html,b13b97a5,Praveen Sharma,2025-04-04,17:07:54,-07:00,2025-04-04T17:07:54-07:00,0,57
index.html,7,html,585da7b3,Praveen Sharma,2025-04-04,17:43:22,-07:00,2025-04-04T17:43:22-07:00,0,39
index.html,8,html,b13b97a5,Praveen Sharma,2025-04-04,17:07:54,-07:00,2025-04-04T17:07:54-07:00,0,6
index.html,9,html,b13b97a5,Praveen Sharma,2025-04-04,17:07:54,-07:00,2025-04-04T17:07:54-07:00,0,5
index.html,10,html,b13b97a5,Praveen Sharma,2025-04-04,17:07:54,-07:00,2025-04-04T17:07:54-07:00,0,22
index.html,11,html,2fc20c73,Praveen Sharma,2025-04-12,20:28:48,-07:00,2025-04-12T20:28:48-07:00,0,206
index.html,12,html,2fc20c73,Praveen Sharma,2025-04-12,20:28:48,-07:00,2025-04-12T20:28:48-07:00,0,97
index.html,13,html,0cce4e17,Praveen Sharma,2025-04-26,21:10:08,-07:00,2025-04-26T21:10:08-07:00,0,0
index.html,14,html,0cce4e17,Praveen Sharma,2025-04-26,21:10:08,-07:00,2025-04-26T21:10:08-07:00,0,23
index.html,15,html,0cce4e17,Praveen Sharma,2025-04-26,21:10:08,-07:00,2025-04-26T21:10:08-07:00,0,21
index.html,16,html,0cce4e17,Praveen Sharma,2025-04-26,21:10:08,-07:00,2025-04-26T21:10:08-07:00,0,57
index.html,17,html,0cce4e17,Praveen Sharma,2025-04-26,21:10:08,-07:00,2025-04-26T21:10:08-07:00,0,5
index.html,18,html,0cce4e17,Praveen Sharma,2025-04-26,21:10:08,-07:00,2025-04-26T21:10:08-07:00,0,0
index.html,19,html,0cce4e17,Praveen Sharma,2025-04-26,21:10:08,-07:00,2025-04-26T21:10:08-07:00,0,23
index.html,20,html,0cce4e17,Praveen Sharma,2025-04-26,21:10:08,-07:00,2025-04-26T21:10:08-07:00,0,40
index.html,21,html,0cce4e17,Praveen Sharma,2025-04-26,21:10:08,-07:00,2025-04-26T21:10:08-07:00,0,5
index.html,22,html,0cce4e17,Praveen Sharma,2025-04-26,21:10:08,-07:00,2025-04-26T21:10:08-07:00,0,0
index.html,23,html,ad1c2db9,Praveen Sharma,2025-04-26,21:25:30,-07:00,2025-04-26T21:25:30-07:00,0,53
index.html,24,html,b13b97a5,Praveen Sharma,2025-04-04,17:07:54,-07:00,2025-04-04T17:07:54-07:00,0,6
index.html,25,html,b13b97a5,Praveen Sharma,2025-04-04,17:07:54,-07:00,2025-04-04T17:07:54-07:00,0,6
global.js,1,js,1a03c1a3,Praveen Sharma,2025-04-18,15:05:06,-07:00,2025-04-18T15:05:06-07:00,0,26
global.js,2,js,1a03c1a3,Praveen Sharma,2025-04-18,15:05:06,-07:00,2025-04-18T15:05:06-07:00,0,0
global.js,3,js,1a03c1a3,Praveen Sharma,2025-04-18,15:05:06,-07:00,2025-04-18T15:05:06-07:00,0,42
global.js,4,js,1a03c1a3,Praveen Sharma,2025-04-18,15:05:06,-07:00,2025-04-18T15:05:06-07:00,0,53
global.js,5,js,50261cf6,Praveen Sharma,2025-04-18,18:30:53,-07:00,2025-04-18T18:30:53-07:00,0,0
global.js,6,js,50261cf6,Praveen Sharma,2025-04-18,18:30:53,-07:00,2025-04-18T18:30:53-07:00,0,0
global.js,7,js,51efe922,Praveen Sharma,2025-04-18,18:43:17,-07:00,2025-04-18T18:43:17-07:00,0,29
global.js,8,js,51efe922,Praveen Sharma,2025-04-18,18:43:17,-07:00,2025-04-18T18:43:17-07:00,0,34
global.js,9,js,51efe922,Praveen Sharma,2025-04-18,18:43:17,-07:00,2025-04-18T18:43:17-07:00,0,74
global.js,10,js,51efe922,Praveen Sharma,2025-04-18,18:43:17,-07:00,2025-04-18T18:43:17-07:00,0,6
global.js,11,js,51efe922,Praveen Sharma,2025-04-18,18:43:17,-07:00,2025-04-18T18:43:17-07:00,0,40
global.js,12,js,51efe922,Praveen Sharma,2025-04-18,18:43:17,-07:00,2025-04-18T18:43:17-07:00,0,0
global.js,13,js,51efe922,Praveen Sharma,2025-04-18,18:43:17,-07:00,2025-04-18T18:43:17-07:00,0,12
global.js,14,js,51efe922,Praveen Sharma,2025-04-18,18:43:17,-07:00,2025-04-18T18:43:17-07:00,0,26
global.js,15,js,51efe922,Praveen Sharma,2025-04-18,18:43:17,-07:00,2025-04-18T18:43:17-07:00,0,39
global.js,16,js,1b38af38,Praveen Sharma,2025-04-18,18:48:13,-07:00,2025-04-18T18:48:13-07:00,0,35
global.js,17,js,0fb64ae0,Praveen Sharma,2025-04-18,20:03:37,-07:00,2025-04-18T20:03:37-07:00,0,37
global.js,18,js,00000000,Not Committed Yet,2025-05-09,20:08:52,-07:00,2025-05-09T20:08:52-07:00,0,31
global.js,19,js,8f38489b,Praveen Sharma,2025-04-18,19:12:40,-07:00,2025-04-18T19:12:40-07:00,0,61
global.js,20,js,51efe922,Praveen Sharma,2025-04-18,18:43:17,-07:00,2025-04-18T18:43:17-07:00,0,1
global.js,21,js,51efe922,Praveen Sharma,2025-04-18,18:43:17,-07:00,2025-04-18T18:43:17-07:00,0,0
global.js,22,js,51efe922,Praveen Sharma,2025-04-18,18:43:17,-07:00,2025-04-18T18:43:17-07:00,0,39
global.js,23,js,51efe922,Praveen Sharma,2025-04-18,18:43:17,-07:00,2025-04-18T18:43:17-07:00,0,26
global.js,24,js,51efe922,Praveen Sharma,2025-04-18,18:43:17,-07:00,2025-04-18T18:43:17-07:00,0,0
global.js,25,js,2c7e1ddb,Praveen Sharma,2025-04-18,18:53:36,-07:00,2025-04-18T18:53:36-07:00,0,89
global.js,26,js,4a0315a3,Praveen Sharma,2025-04-18,19:06:17,-07:00,2025-04-18T19:06:17-07:00,0,37
global.js,27,js,7b0bfee1,Praveen Sharma,2025-04-18,19:14:44,-07:00,2025-04-18T19:14:44-07:00,0,49
global.js,28,js,2c7e1ddb,Praveen Sharma,2025-04-18,18:53:36,-07:00,2025-04-18T18:53:36-07:00,0,0
global.js,29,js,51efe922,Praveen Sharma,2025-04-18,18:43:17,-07:00,2025-04-18T18:43:17-07:00,0,21
global.js,30,js,51efe922,Praveen Sharma,2025-04-18,18:43:17,-07:00,2025-04-18T18:43:17-07:00,0,15
global.js,31,js,51efe922,Praveen Sharma,2025-04-18,18:43:17,-07:00,2025-04-18T18:43:17-07:00,0,19
global.js,32,js,8f38489b,Praveen Sharma,2025-04-18,19:12:40,-07:00,2025-04-18T19:12:40-07:00,0,0
global.js,33,js,2c7e1ddb,Praveen Sharma,2025-04-18,18:53:36,-07:00,2025-04-18T18:53:36-07:00,0,53
global.js,34,js,8f38489b,Praveen Sharma,2025-04-18,19:12:40,-07:00,2025-04-18T19:12:40-07:00,0,0
global.js,35,js,8d656fa8,Praveen Sharma,2025-04-18,20:01:43,-07:00,2025-04-18T20:01:43-07:00,0,35
global.js,36,js,8d656fa8,Praveen Sharma,2025-04-18,20:01:43,-07:00,2025-04-18T20:01:43-07:00,0,12
global.js,37,js,8d656fa8,Praveen Sharma,2025-04-18,20:01:43,-07:00,2025-04-18T20:01:43-07:00,0,21
global.js,38,js,8d656fa8,Praveen Sharma,2025-04-18,20:01:43,-07:00,2025-04-18T20:01:43-07:00,0,13
global.js,39,js,8d656fa8,Praveen Sharma,2025-04-18,20:01:43,-07:00,2025-04-18T20:01:43-07:00,0,0
global.js,40,js,8d656fa8,Praveen Sharma,2025-04-18,20:01:43,-07:00,2025-04-18T20:01:43-07:00,0,66
global.js,41,js,8d656fa8,Praveen Sharma,2025-04-18,20:01:43,-07:00,2025-04-18T20:01:43-07:00,0,26
global.js,42,js,8d656fa8,Praveen Sharma,2025-04-18,20:01:43,-07:00,2025-04-18T20:01:43-07:00,0,0
global.js,43,js,8d656fa8,Praveen Sharma,2025-04-18,20:01:43,-07:00,2025-04-18T20:01:43-07:00,0,0
global.js,44,js,8d656fa8,Praveen Sharma,2025-04-18,20:01:43,-07:00,2025-04-18T20:01:43-07:00,0,30
global.js,45,js,8d656fa8,Praveen Sharma,2025-04-18,20:01:43,-07:00,2025-04-18T20:01:43-07:00,0,19
global.js,46,js,8d656fa8,Praveen Sharma,2025-04-18,20:01:43,-07:00,2025-04-18T20:01:43-07:00,0,0
global.js,47,js,ee45805b,Praveen Sharma,2025-04-18,20:27:23,-07:00,2025-04-18T20:27:23-07:00,0,0
global.js,48,js,ee45805b,Praveen Sharma,2025-04-18,20:27:23,-07:00,2025-04-18T20:27:23-07:00,0,0
global.js,49,js,ee45805b,Praveen Sharma,2025-04-18,20:27:23,-07:00,2025-04-18T20:27:23-07:00,0,32
global.js,50,js,ee45805b,Praveen Sharma,2025-04-18,20:27:23,-07:00,2025-04-18T20:27:23-07:00,0,12
global.js,51,js,ee45805b,Praveen Sharma,2025-04-18,20:27:23,-07:00,2025-04-18T20:27:23-07:00,0,0
global.js,52,js,ee45805b,Praveen Sharma,2025-04-18,20:27:23,-07:00,2025-04-18T20:27:23-07:00,0,27
global.js,53,js,ee45805b,Praveen Sharma,2025-04-18,20:27:23,-07:00,2025-04-18T20:27:23-07:00,0,5
global.js,54,js,ee45805b,Praveen Sharma,2025-04-18,20:27:23,-07:00,2025-04-18T20:27:23-07:00,0,7
global.js,55,js,ee45805b,Praveen Sharma,2025-04-18,20:27:23,-07:00,2025-04-18T20:27:23-07:00,0,44
global.js,56,js,ee45805b,Praveen Sharma,2025-04-18,20:27:23,-07:00,2025-04-18T20:27:23-07:00,0,35
global.js,57,js,ee45805b,Praveen Sharma,2025-04-18,20:27:23,-07:00,2025-04-18T20:27:23-07:00,0,33
global.js,58,js,ee45805b,Praveen Sharma,2025-04-18,20:27:23,-07:00,2025-04-18T20:27:23-07:00,0,8
global.js,59,js,ee45805b,Praveen Sharma,2025-04-18,20:27:23,-07:00,2025-04-18T20:27:23-07:00,0,9
global.js,60,js,35c6ce70,Praveen Sharma,2025-04-18,20:56:54,-07:00,2025-04-18T20:56:54-07:00,0,1
global.js,61,js,35c6ce70,Praveen Sharma,2025-04-18,20:56:54,-07:00,2025-04-18T20:56:54-07:00,0,0
global.js,62,js,0a5b51da,Praveen Sharma,2025-04-18,21:10:02,-07:00,2025-04-18T21:10:02-07:00,0,45
global.js,63,js,29d6f146,Praveen Sharma,2025-04-18,21:04:53,-07:00,2025-04-18T21:04:53-07:00,0,0
global.js,64,js,7ace9568,Praveen Sharma,2025-04-18,21:30:49,-07:00,2025-04-18T21:30:49-07:00,0,50
global.js,65,js,35c6ce70,Praveen Sharma,2025-04-18,20:56:54,-07:00,2025-04-18T20:56:54-07:00,0,58
global.js,66,js,a2fc9fbb,Praveen Sharma,2025-04-18,21:22:28,-07:00,2025-04-18T21:22:28-07:00,0,78
global.js,67,js,b9bb6204,Praveen Sharma,2025-04-18,21:36:54,-07:00,2025-04-18T21:36:54-07:00,0,45
global.js,68,js,35c6ce70,Praveen Sharma,2025-04-18,20:56:54,-07:00,2025-04-18T20:56:54-07:00,0,2
global.js,69,js,35c6ce70,Praveen Sharma,2025-04-18,20:56:54,-07:00,2025-04-18T20:56:54-07:00,0,0
global.js,70,js,75e84c12,Praveen Sharma,2025-04-18,21:39:59,-07:00,2025-04-18T21:39:59-07:00,0,35
global.js,71,js,75e84c12,Praveen Sharma,2025-04-18,21:39:59,-07:00,2025-04-18T21:39:59-07:00,0,84
global.js,72,js,75e84c12,Praveen Sharma,2025-04-18,21:39:59,-07:00,2025-04-18T21:39:59-07:00,0,39
global.js,73,js,75e84c12,Praveen Sharma,2025-04-18,21:39:59,-07:00,2025-04-18T21:39:59-07:00,0,0
global.js,74,js,75e84c12,Praveen Sharma,2025-04-18,21:39:59,-07:00,2025-04-18T21:39:59-07:00,0,0
global.js,75,js,0cce4e17,Praveen Sharma,2025-04-26,21:10:08,-07:00,2025-04-26T21:10:08-07:00,0,37
global.js,76,js,0cce4e17,Praveen Sharma,2025-04-26,21:10:08,-07:00,2025-04-26T21:10:08-07:00,0,4
global.js,77,js,0cce4e17,Praveen Sharma,2025-04-26,21:10:08,-07:00,2025-04-26T21:10:08-07:00,0,33
global.js,78,js,0cce4e17,Praveen Sharma,2025-04-26,21:10:08,-07:00,2025-04-26T21:10:08-07:00,0,56
global.js,79,js,0cce4e17,Praveen Sharma,2025-04-26,21:10:08,-07:00,2025-04-26T21:10:08-07:00,0,0
global.js,80,js,0cce4e17,Praveen Sharma,2025-04-26,21:10:08,-07:00,2025-04-26T21:10:08-07:00,0,18
global.js,81,js,0cce4e17,Praveen Sharma,2025-04-26,21:10:08,-07:00,2025-04-26T21:10:08-07:00,0,67
global.js,82,js,0cce4e17,Praveen Sharma,2025-04-26,21:10:08,-07:00,2025-04-26T21:10:08-07:00,0,0
global.js,83,js,0cce4e17,Praveen Sharma,2025-04-26,21:10:08,-07:00,2025-04-26T21:10:08-07:00,0,0
global.js,84,js,0cce4e17,Praveen Sharma,2025-04-26,21:10:08,-07:00,2025-04-26T21:10:08-07:00,0,34
global.js,85,js,0cce4e17,Praveen Sharma,2025-04-26,21:10:08,-07:00,2025-04-26T21:10:08-07:00,0,54
global.js,86,js,0cce4e17,Praveen Sharma,2025-04-26,21:10:08,-07:00,2025-04-26T21:10:08-07:00,0,11
global.js,87,js,0cce4e17,Praveen Sharma,2025-04-26,21:10:08,-07:00,2025-04-26T21:10:08-07:00,0,16
global.js,88,js,0cce4e17,Praveen Sharma,2025-04-26,21:10:08,-07:00,2025-04-26T21:10:08-07:00,0,60
global.js,89,js,0cce4e17,Praveen Sharma,2025-04-26,21:10:08,-07:00,2025-04-26T21:10:08-07:00,0,0
global.js,90,js,0cce4e17,Praveen Sharma,2025-04-26,21:10:08,-07:00,2025-04-26T21:10:08-07:00,0,0
global.js,91,js,0cce4e17,Praveen Sharma,2025-04-26,21:10:08,-07:00,2025-04-26T21:10:08-07:00,0,0
global.js,92,js,0cce4e17,Praveen Sharma,2025-04-26,21:10:08,-07:00,2025-04-26T21:10:08-07:00,0,80
global.js,93,js,607e5ebf,Praveen Sharma,2025-05-01,12:57:35,-07:00,2025-05-01T12:57:35-07:00,0,23
global.js,94,js,607e5ebf,Praveen Sharma,2025-05-01,12:57:35,-07:00,2025-05-01T12:57:35-07:00,0,45
global.js,95,js,607e5ebf,Praveen Sharma,2025-05-01,12:57:35,-07:00,2025-05-01T12:57:35-07:00,0,6
global.js,96,js,607e5ebf,Praveen Sharma,2025-05-01,12:57:35,-07:00,2025-05-01T12:57:35-07:00,0,0
global.js,97,js,607e5ebf,Praveen Sharma,2025-05-01,12:57:35,-07:00,2025-05-01T12:57:35-07:00,0,0
global.js,98,js,607e5ebf,Praveen Sharma,2025-05-01,12:57:35,-07:00,2025-05-01T12:57:35-07:00,0,23
global.js,99,js,0cce4e17,Praveen Sharma,2025-04-26,21:10:08,-07:00,2025-04-26T21:10:08-07:00,0,58
global.js,100,js,0cce4e17,Praveen Sharma,2025-04-26,21:10:08,-07:00,2025-04-26T21:10:08-07:00,0,43
global.js,101,js,607e5ebf,Praveen Sharma,2025-05-01,12:57:35,-07:00,2025-05-01T12:57:35-07:00,0,73
global.js,102,js,607e5ebf,Praveen Sharma,2025-05-01,12:57:35,-07:00,2025-05-01T12:57:35-07:00,0,19
global.js,103,js,0cce4e17,Praveen Sharma,2025-04-26,21:10:08,-07:00,2025-04-26T21:10:08-07:00,0,0
global.js,104,js,607e5ebf,Praveen Sharma,2025-05-01,12:57:35,-07:00,2025-05-01T12:57:35-07:00,0,0
global.js,105,js,607e5ebf,Praveen Sharma,2025-05-01,12:57:35,-07:00,2025-05-01T12:57:35-07:00,0,24
global.js,106,js,0cce4e17,Praveen Sharma,2025-04-26,21:10:08,-07:00,2025-04-26T21:10:08-07:00,0,31
global.js,107,js,607e5ebf,Praveen Sharma,2025-05-01,12:57:35,-07:00,2025-05-01T12:57:35-07:00,0,0
global.js,108,js,607e5ebf,Praveen Sharma,2025-05-01,12:57:35,-07:00,2025-05-01T12:57:35-07:00,0,21
global.js,109,js,0cce4e17,Praveen Sharma,2025-04-26,21:10:08,-07:00,2025-04-26T21:10:08-07:00,0,30
global.js,110,js,607e5ebf,Praveen Sharma,2025-05-01,12:57:35,-07:00,2025-05-01T12:57:35-07:00,0,49
global.js,111,js,607e5ebf,Praveen Sharma,2025-05-01,12:57:35,-07:00,2025-05-01T12:57:35-07:00,0,0
global.js,112,js,607e5ebf,Praveen Sharma,2025-05-01,12:57:35,-07:00,2025-05-01T12:57:35-07:00,0,20
global.js,113,js,607e5ebf,Praveen Sharma,2025-05-01,12:57:35,-07:00,2025-05-01T12:57:35-07:00,0,50
global.js,114,js,0cce4e17,Praveen Sharma,2025-04-26,21:10:08,-07:00,2025-04-26T21:10:08-07:00,0,50
global.js,115,js,0cce4e17,Praveen Sharma,2025-04-26,21:10:08,-07:00,2025-04-26T21:10:08-07:00,0,28
global.js,116,js,607e5ebf,Praveen Sharma,2025-05-01,12:57:35,-07:00,2025-05-01T12:57:35-07:00,0,1
global.js,117,js,607e5ebf,Praveen Sharma,2025-05-01,12:57:35,-07:00,2025-05-01T12:57:35-07:00,0,0
global.js,118,js,607e5ebf,Praveen Sharma,2025-05-01,12:57:35,-07:00,2025-05-01T12:57:35-07:00,0,37
global.js,119,js,0cce4e17,Praveen Sharma,2025-04-26,21:10:08,-07:00,2025-04-26T21:10:08-07:00,0,2
global.js,120,js,607e5ebf,Praveen Sharma,2025-05-01,12:57:35,-07:00,2025-05-01T12:57:35-07:00,0,0
global.js,121,js,607e5ebf,Praveen Sharma,2025-05-01,12:57:35,-07:00,2025-05-01T12:57:35-07:00,0,0
global.js,122,js,607e5ebf,Praveen Sharma,2025-05-01,12:57:35,-07:00,2025-05-01T12:57:35-07:00,0,48
global.js,123,js,607e5ebf,Praveen Sharma,2025-05-01,12:57:35,-07:00,2025-05-01T12:57:35-07:00,0,60
global.js,124,js,607e5ebf,Praveen Sharma,2025-05-01,12:57:35,-07:00,2025-05-01T12:57:35-07:00,0,0
resume/index.html,1,html,a89292f4,Praveen Sharma,2025-04-04,19:13:45,-07:00,2025-04-04T19:13:45-07:00,0,14
resume/index.html,2,html,a89292f4,Praveen Sharma,2025-04-04,19:13:45,-07:00,2025-04-04T19:13:45-07:00,0,15
resume/index.html,3,html,a89292f4,Praveen Sharma,2025-04-04,19:13:45,-07:00,2025-04-04T19:13:45-07:00,0,5
resume/index.html,4,html,a89292f4,Praveen Sharma,2025-04-04,19:13:45,-07:00,2025-04-04T19:13:45-07:00,0,21
resume/index.html,5,html,a89292f4,Praveen Sharma,2025-04-04,19:13:45,-07:00,2025-04-04T19:13:45-07:00,0,69
resume/index.html,6,html,d6e8a089,Praveen Sharma,2025-04-12,20:35:00,-07:00,2025-04-12T20:35:00-07:00,0,20
resume/index.html,7,html,a89292f4,Praveen Sharma,2025-04-04,19:13:45,-07:00,2025-04-04T19:13:45-07:00,0,42
resume/index.html,8,html,1a03c1a3,Praveen Sharma,2025-04-18,15:05:06,-07:00,2025-04-18T15:05:06-07:00,0,49
resume/index.html,9,html,a89292f4,Praveen Sharma,2025-04-04,19:13:45,-07:00,2025-04-04T19:13:45-07:00,0,6
resume/index.html,10,html,a89292f4,Praveen Sharma,2025-04-04,19:13:45,-07:00,2025-04-04T19:13:45-07:00,0,5
resume/index.html,11,html,2fc20c73,Praveen Sharma,2025-04-12,20:28:48,-07:00,2025-04-12T20:28:48-07:00,0,7
resume/index.html,12,html,2fc20c73,Praveen Sharma,2025-04-12,20:28:48,-07:00,2025-04-12T20:28:48-07:00,0,22
resume/index.html,13,html,2fc20c73,Praveen Sharma,2025-04-12,20:28:48,-07:00,2025-04-12T20:28:48-07:00,0,160
resume/index.html,14,html,2fc20c73,Praveen Sharma,2025-04-12,20:28:48,-07:00,2025-04-12T20:28:48-07:00,0,8
resume/index.html,15,html,a89292f4,Praveen Sharma,2025-04-04,19:13:45,-07:00,2025-04-04T19:13:45-07:00,0,0
resume/index.html,16,html,2fc20c73,Praveen Sharma,2025-04-12,20:28:48,-07:00,2025-04-12T20:28:48-07:00,0,5
resume/index.html,17,html,a89292f4,Praveen Sharma,2025-04-04,19:13:45,-07:00,2025-04-04T19:13:45-07:00,0,0
resume/index.html,18,html,2fc20c73,Praveen Sharma,2025-04-12,20:28:48,-07:00,2025-04-12T20:28:48-07:00,0,21
resume/index.html,19,html,2fc20c73,Praveen Sharma,2025-04-12,20:28:48,-07:00,2025-04-12T20:28:48-07:00,0,32
resume/index.html,20,html,2fc20c73,Praveen Sharma,2025-04-12,20:28:48,-07:00,2025-04-12T20:28:48-07:00,0,138
resume/index.html,21,html,2fc20c73,Praveen Sharma,2025-04-12,20:28:48,-07:00,2025-04-12T20:28:48-07:00,0,9
resume/index.html,22,html,a89292f4,Praveen Sharma,2025-04-04,19:13:45,-07:00,2025-04-04T19:13:45-07:00,0,0
resume/index.html,23,html,2fc20c73,Praveen Sharma,2025-04-12,20:28:48,-07:00,2025-04-12T20:28:48-07:00,0,23
resume/index.html,24,html,2fc20c73,Praveen Sharma,2025-04-12,20:28:48,-07:00,2025-04-12T20:28:48-07:00,0,34
resume/index.html,25,html,2fc20c73,Praveen Sharma,2025-04-12,20:28:48,-07:00,2025-04-12T20:28:48-07:00,0,8
resume/index.html,26,html,2fc20c73,Praveen Sharma,2025-04-12,20:28:48,-07:00,2025-04-12T20:28:48-07:00,0,43
resume/index.html,27,html,2fc20c73,Praveen Sharma,2025-04-12,20:28:48,-07:00,2025-04-12T20:28:48-07:00,0,23
resume/index.html,28,html,2fc20c73,Praveen Sharma,2025-04-12,20:28:48,-07:00,2025-04-12T20:28:48-07:00,0,82
resume/index.html,29,html,2fc20c73,Praveen Sharma,2025-04-12,20:28:48,-07:00,2025-04-12T20:28:48-07:00,0,9
resume/index.html,30,html,2fc20c73,Praveen Sharma,2025-04-12,20:28:48,-07:00,2025-04-12T20:28:48-07:00,0,9
resume/index.html,31,html,a89292f4,Praveen Sharma,2025-04-04,19:13:45,-07:00,2025-04-04T19:13:45-07:00,0,0
resume/index.html,32,html,2fc20c73,Praveen Sharma,2025-04-12,20:28:48,-07:00,2025-04-12T20:28:48-07:00,0,24
resume/index.html,33,html,2fc20c73,Praveen Sharma,2025-04-12,20:28:48,-07:00,2025-04-12T20:28:48-07:00,0,35
resume/index.html,34,html,a89292f4,Praveen Sharma,2025-04-04,19:13:45,-07:00,2025-04-04T19:13:45-07:00,0,0
resume/index.html,35,html,2fc20c73,Praveen Sharma,2025-04-12,20:28:48,-07:00,2025-04-12T20:28:48-07:00,0,8
resume/index.html,36,html,2fc20c73,Praveen Sharma,2025-04-12,20:28:48,-07:00,2025-04-12T20:28:48-07:00,0,49
resume/index.html,37,html,2fc20c73,Praveen Sharma,2025-04-12,20:28:48,-07:00,2025-04-12T20:28:48-07:00,0,81
resume/index.html,38,html,2fc20c73,Praveen Sharma,2025-04-12,20:28:48,-07:00,2025-04-12T20:28:48-07:00,0,82
resume/index.html,39,html,2fc20c73,Praveen Sharma,2025-04-12,20:28:48,-07:00,2025-04-12T20:28:48-07:00,0,9
resume/index.html,40,html,a89292f4,Praveen Sharma,2025-04-04,19:13:45,-07:00,2025-04-04T19:13:45-07:00,0,0
resume/index.html,41,html,2fc20c73,Praveen Sharma,2025-04-12,20:28:48,-07:00,2025-04-12T20:28:48-07:00,0,8
resume/index.html,42,html,2fc20c73,Praveen Sharma,2025-04-12,20:28:48,-07:00,2025-04-12T20:28:48-07:00,0,40
resume/index.html,43,html,2fc20c73,Praveen Sharma,2025-04-12,20:28:48,-07:00,2025-04-12T20:28:48-07:00,0,115
resume/index.html,44,html,2fc20c73,Praveen Sharma,2025-04-12,20:28:48,-07:00,2025-04-12T20:28:48-07:00,0,81
resume/index.html,45,html,2fc20c73,Praveen Sharma,2025-04-12,20:28:48,-07:00,2025-04-12T20:28:48-07:00,0,9
resume/index.html,46,html,2fc20c73,Praveen Sharma,2025-04-12,20:28:48,-07:00,2025-04-12T20:28:48-07:00,0,9
resume/index.html,47,html,a89292f4,Praveen Sharma,2025-04-04,19:13:45,-07:00,2025-04-04T19:13:45-07:00,0,0
resume/index.html,48,html,2fc20c73,Praveen Sharma,2025-04-12,20:28:48,-07:00,2025-04-12T20:28:48-07:00,0,20
resume/index.html,49,html,2fc20c73,Praveen Sharma,2025-04-12,20:28:48,-07:00,2025-04-12T20:28:48-07:00,0,31
resume/index.html,50,html,2fc20c73,Praveen Sharma,2025-04-12,20:28:48,-07:00,2025-04-12T20:28:48-07:00,0,3
resume/index.html,51,html,2fc20c73,Praveen Sharma,2025-04-12,20:28:48,-07:00,2025-04-12T20:28:48-07:00,0,22
resume/index.html,52,html,2fc20c73,Praveen Sharma,2025-04-12,20:28:48,-07:00,2025-04-12T20:28:48-07:00,0,57
resume/index.html,53,html,2fc20c73,Praveen Sharma,2025-04-12,20:28:48,-07:00,2025-04-12T20:28:48-07:00,0,48
resume/index.html,54,html,2fc20c73,Praveen Sharma,2025-04-12,20:28:48,-07:00,2025-04-12T20:28:48-07:00,0,47
resume/index.html,55,html,2fc20c73,Praveen Sharma,2025-04-12,20:28:48,-07:00,2025-04-12T20:28:48-07:00,0,4
resume/index.html,56,html,2fc20c73,Praveen Sharma,2025-04-12,20:28:48,-07:00,2025-04-12T20:28:48-07:00,0,9
resume/index.html,57,html,a89292f4,Praveen Sharma,2025-04-04,19:13:45,-07:00,2025-04-04T19:13:45-07:00,0,0
resume/index.html,58,html,2fc20c73,Praveen Sharma,2025-04-12,20:28:48,-07:00,2025-04-12T20:28:48-07:00,0,22
resume/index.html,59,html,2fc20c73,Praveen Sharma,2025-04-12,20:28:48,-07:00,2025-04-12T20:28:48-07:00,0,33
resume/index.html,60,html,2fc20c73,Praveen Sharma,2025-04-12,20:28:48,-07:00,2025-04-12T20:28:48-07:00,0,8
resume/index.html,61,html,2fc20c73,Praveen Sharma,2025-04-12,20:28:48,-07:00,2025-04-12T20:28:48-07:00,0,29
resume/index.html,62,html,2fc20c73,Praveen Sharma,2025-04-12,20:28:48,-07:00,2025-04-12T20:28:48-07:00,0,88
resume/index.html,63,html,2fc20c73,Praveen Sharma,2025-04-12,20:28:48,-07:00,2025-04-12T20:28:48-07:00,0,9
resume/index.html,64,html,a89292f4,Praveen Sharma,2025-04-04,19:13:45,-07:00,2025-04-04T19:13:45-07:00,0,0
resume/index.html,65,html,2fc20c73,Praveen Sharma,2025-04-12,20:28:48,-07:00,2025-04-12T20:28:48-07:00,0,8
resume/index.html,66,html,2fc20c73,Praveen Sharma,2025-04-12,20:28:48,-07:00,2025-04-12T20:28:48-07:00,0,28
resume/index.html,67,html,2fc20c73,Praveen Sharma,2025-04-12,20:28:48,-07:00,2025-04-12T20:28:48-07:00,0,104
resume/index.html,68,html,2fc20c73,Praveen Sharma,2025-04-12,20:28:48,-07:00,2025-04-12T20:28:48-07:00,0,9
resume/index.html,69,html,2fc20c73,Praveen Sharma,2025-04-12,20:28:48,-07:00,2025-04-12T20:28:48-07:00,0,9
resume/index.html,70,html,a89292f4,Praveen Sharma,2025-04-04,19:13:45,-07:00,2025-04-04T19:13:45-07:00,0,0
resume/index.html,71,html,2fc20c73,Praveen Sharma,2025-04-12,20:28:48,-07:00,2025-04-12T20:28:48-07:00,0,6
resume/index.html,72,html,a89292f4,Praveen Sharma,2025-04-04,19:13:45,-07:00,2025-04-04T19:13:45-07:00,0,0
resume/index.html,73,html,a89292f4,Praveen Sharma,2025-04-04,19:13:45,-07:00,2025-04-04T19:13:45-07:00,0,6
resume/index.html,74,html,a89292f4,Praveen Sharma,2025-04-04,19:13:45,-07:00,2025-04-04T19:13:45-07:00,0,6
projects/projects.js,1,js,0cce4e17,Praveen Sharma,2025-04-26,21:10:08,-07:00,2025-04-26T21:10:08-07:00,0,56
projects/projects.js,2,js,04bbc59d,Praveen Sharma,2025-05-02,22:49:53,-07:00,2025-05-02T22:49:53-07:00,0,64
projects/projects.js,3,js,0cce4e17,Praveen Sharma,2025-04-26,21:10:08,-07:00,2025-04-26T21:10:08-07:00,0,0
projects/projects.js,4,js,04bbc59d,Praveen Sharma,2025-05-02,22:49:53,-07:00,2025-05-02T22:49:53-07:00,0,36
projects/projects.js,5,js,0cce4e17,Praveen Sharma,2025-04-26,21:10:08,-07:00,2025-04-26T21:10:08-07:00,0,0
projects/projects.js,6,js,04bbc59d,Praveen Sharma,2025-05-02,22:49:53,-07:00,2025-05-02T22:49:53-07:00,0,22
projects/projects.js,7,js,0cce4e17,Praveen Sharma,2025-04-26,21:10:08,-07:00,2025-04-26T21:10:08-07:00,0,56
projects/projects.js,8,js,0cce4e17,Praveen Sharma,2025-04-26,21:10:08,-07:00,2025-04-26T21:10:08-07:00,0,61
projects/projects.js,9,js,04bbc59d,Praveen Sharma,2025-05-02,22:49:53,-07:00,2025-05-02T22:49:53-07:00,0,63
projects/projects.js,10,js,04bbc59d,Praveen Sharma,2025-05-02,22:49:53,-07:00,2025-05-02T22:49:53-07:00,0,60
projects/projects.js,11,js,04bbc59d,Praveen Sharma,2025-05-02,22:49:53,-07:00,2025-05-02T22:49:53-07:00,0,48
projects/projects.js,12,js,04bbc59d,Praveen Sharma,2025-05-02,22:49:53,-07:00,2025-05-02T22:49:53-07:00,0,56
projects/projects.js,13,js,41d7ba14,Praveen Sharma,2025-05-02,22:57:24,-07:00,2025-05-02T22:57:24-07:00,0,0
projects/projects.js,14,js,04bbc59d,Praveen Sharma,2025-05-02,22:49:53,-07:00,2025-05-02T22:49:53-07:00,0,14
projects/projects.js,15,js,04bbc59d,Praveen Sharma,2025-05-02,22:49:53,-07:00,2025-05-02T22:49:53-07:00,0,22
projects/projects.js,16,js,0cce4e17,Praveen Sharma,2025-04-26,21:10:08,-07:00,2025-04-26T21:10:08-07:00,0,0
projects/projects.js,17,js,04bbc59d,Praveen Sharma,2025-05-02,22:49:53,-07:00,2025-05-02T22:49:53-07:00,0,24
projects/projects.js,18,js,0cce4e17,Praveen Sharma,2025-04-26,21:10:08,-07:00,2025-04-26T21:10:08-07:00,0,37
projects/projects.js,19,js,04bbc59d,Praveen Sharma,2025-05-02,22:49:53,-07:00,2025-05-02T22:49:53-07:00,0,49
projects/projects.js,20,js,04bbc59d,Praveen Sharma,2025-05-02,22:49:53,-07:00,2025-05-02T22:49:53-07:00,0,24
projects/projects.js,21,js,04bbc59d,Praveen Sharma,2025-05-02,22:49:53,-07:00,2025-05-02T22:49:53-07:00,0,19
projects/projects.js,22,js,04bbc59d,Praveen Sharma,2025-05-02,22:49:53,-07:00,2025-05-02T22:49:53-07:00,0,57
projects/projects.js,23,js,04bbc59d,Praveen Sharma,2025-05-02,22:49:53,-07:00,2025-05-02T22:49:53-07:00,0,0
projects/projects.js,24,js,0cce4e17,Praveen Sharma,2025-04-26,21:10:08,-07:00,2025-04-26T21:10:08-07:00,0,7
projects/projects.js,25,js,04bbc59d,Praveen Sharma,2025-05-02,22:49:53,-07:00,2025-05-02T22:49:53-07:00,0,75
projects/projects.js,26,js,0cce4e17,Praveen Sharma,2025-04-26,21:10:08,-07:00,2025-04-26T21:10:08-07:00,0,0
projects/projects.js,27,js,0cce4e17,Praveen Sharma,2025-04-26,21:10:08,-07:00,2025-04-26T21:10:08-07:00,0,0
projects/projects.js,28,js,04bbc59d,Praveen Sharma,2025-05-02,22:49:53,-07:00,2025-05-02T22:49:53-07:00,0,30
projects/projects.js,29,js,04bbc59d,Praveen Sharma,2025-05-02,22:49:53,-07:00,2025-05-02T22:49:53-07:00,0,50
projects/projects.js,30,js,04bbc59d,Praveen Sharma,2025-05-02,22:49:53,-07:00,2025-05-02T22:49:53-07:00,0,40
projects/projects.js,31,js,41d7ba14,Praveen Sharma,2025-05-02,22:57:24,-07:00,2025-05-02T22:57:24-07:00,0,0
projects/projects.js,32,js,04bbc59d,Praveen Sharma,2025-05-02,22:49:53,-07:00,2025-05-02T22:49:53-07:00,0,54
projects/projects.js,33,js,04bbc59d,Praveen Sharma,2025-05-02,22:49:53,-07:00,2025-05-02T22:49:53-07:00,0,62
projects/projects.js,34,js,04bbc59d,Praveen Sharma,2025-05-02,22:49:53,-07:00,2025-05-02T22:49:53-07:00,0,29
projects/projects.js,35,js,04bbc59d,Praveen Sharma,2025-05-02,22:49:53,-07:00,2025-05-02T22:49:53-07:00,0,2
projects/projects.js,36,js,04bbc59d,Praveen Sharma,2025-05-02,22:49:53,-07:00,2025-05-02T22:49:53-07:00,0,0
projects/projects.js,37,js,04bbc59d,Praveen Sharma,2025-05-02,22:49:53,-07:00,2025-05-02T22:49:53-07:00,0,52
projects/projects.js,38,js,04bbc59d,Praveen Sharma,2025-05-02,22:49:53,-07:00,2025-05-02T22:49:53-07:00,0,57
projects/projects.js,39,js,04bbc59d,Praveen Sharma,2025-05-02,22:49:53,-07:00,2025-05-02T22:49:53-07:00,0,32
projects/projects.js,40,js,41d7ba14,Praveen Sharma,2025-05-02,22:57:24,-07:00,2025-05-02T22:57:24-07:00,0,0
projects/projects.js,41,js,04bbc59d,Praveen Sharma,2025-05-02,22:49:53,-07:00,2025-05-02T22:49:53-07:00,0,19
projects/projects.js,42,js,04bbc59d,Praveen Sharma,2025-05-02,22:49:53,-07:00,2025-05-02T22:49:53-07:00,0,65
projects/projects.js,43,js,04bbc59d,Praveen Sharma,2025-05-02,22:49:53,-07:00,2025-05-02T22:49:53-07:00,0,0
projects/projects.js,44,js,04bbc59d,Praveen Sharma,2025-05-02,22:49:53,-07:00,2025-05-02T22:49:53-07:00,0,2
projects/projects.js,45,js,04bbc59d,Praveen Sharma,2025-05-02,22:49:53,-07:00,2025-05-02T22:49:53-07:00,0,0
projects/projects.js,46,js,04bbc59d,Praveen Sharma,2025-05-02,22:49:53,-07:00,2025-05-02T22:49:53-07:00,0,62
projects/projects.js,47,js,04bbc59d,Praveen Sharma,2025-05-02,22:49:53,-07:00,2025-05-02T22:49:53-07:00,0,39
projects/projects.js,48,js,04bbc59d,Praveen Sharma,2025-05-02,22:49:53,-07:00,2025-05-02T22:49:53-07:00,0,31
projects/projects.js,49,js,04bbc59d,Praveen Sharma,2025-05-02,22:49:53,-07:00,2025-05-02T22:49:53-07:00,0,0
projects/projects.js,50,js,04bbc59d,Praveen Sharma,2025-05-02,22:49:53,-07:00,2025-05-02T22:49:53-07:00,0,17
projects/projects.js,51,js,04bbc59d,Praveen Sharma,2025-05-02,22:49:53,-07:00,2025-05-02T22:49:53-07:00,0,58
projects/projects.js,52,js,04bbc59d,Praveen Sharma,2025-05-02,22:49:53,-07:00,2025-05-02T22:49:53-07:00,0,45
projects/projects.js,53,js,04bbc59d,Praveen Sharma,2025-05-02,22:49:53,-07:00,2025-05-02T22:49:53-07:00,0,0
projects/projects.js,54,js,04bbc59d,Praveen Sharma,2025-05-02,22:49:53,-07:00,2025-05-02T22:49:53-07:00,0,20
projects/projects.js,55,js,04bbc59d,Praveen Sharma,2025-05-02,22:49:53,-07:00,2025-05-02T22:49:53-07:00,0,29
projects/projects.js,56,js,04bbc59d,Praveen Sharma,2025-05-02,22:49:53,-07:00,2025-05-02T22:49:53-07:00,0,13
projects/projects.js,57,js,04bbc59d,Praveen Sharma,2025-05-02,22:49:53,-07:00,2025-05-02T22:49:53-07:00,0,15
projects/projects.js,58,js,04bbc59d,Praveen Sharma,2025-05-02,22:49:53,-07:00,2025-05-02T22:49:53-07:00,0,12
projects/projects.js,59,js,04bbc59d,Praveen Sharma,2025-05-02,22:49:53,-07:00,2025-05-02T22:49:53-07:00,0,1
projects/projects.js,60,js,04bbc59d,Praveen Sharma,2025-05-02,22:49:53,-07:00,2025-05-02T22:49:53-07:00,0,0
projects/projects.js,61,js,04bbc59d,Praveen Sharma,2025-05-02,22:49:53,-07:00,2025-05-02T22:49:53-07:00,0,48
projects/projects.js,62,js,04bbc59d,Praveen Sharma,2025-05-02,22:49:53,-07:00,2025-05-02T22:49:53-07:00,0,11
projects/projects.js,63,js,04bbc59d,Praveen Sharma,2025-05-02,22:49:53,-07:00,2025-05-02T22:49:53-07:00,0,12
projects/projects.js,64,js,04bbc59d,Praveen Sharma,2025-05-02,22:49:53,-07:00,2025-05-02T22:49:53-07:00,0,3
projects/projects.js,65,js,04bbc59d,Praveen Sharma,2025-05-02,22:49:53,-07:00,2025-05-02T22:49:53-07:00,0,0
projects/projects.js,66,js,04bbc59d,Praveen Sharma,2025-05-02,22:49:53,-07:00,2025-05-02T22:49:53-07:00,0,53
projects/projects.js,67,js,04bbc59d,Praveen Sharma,2025-05-02,22:49:53,-07:00,2025-05-02T22:49:53-07:00,0,60
projects/projects.js,68,js,04bbc59d,Praveen Sharma,2025-05-02,22:49:53,-07:00,2025-05-02T22:49:53-07:00,0,36
projects/projects.js,69,js,04bbc59d,Praveen Sharma,2025-05-02,22:49:53,-07:00,2025-05-02T22:49:53-07:00,0,48
projects/projects.js,70,js,04bbc59d,Praveen Sharma,2025-05-02,22:49:53,-07:00,2025-05-02T22:49:53-07:00,0,50
projects/projects.js,71,js,04bbc59d,Praveen Sharma,2025-05-02,22:49:53,-07:00,2025-05-02T22:49:53-07:00,0,0
projects/projects.js,72,js,04bbc59d,Praveen Sharma,2025-05-02,22:49:53,-07:00,2025-05-02T22:49:53-07:00,0,43
projects/projects.js,73,js,41d7ba14,Praveen Sharma,2025-05-02,22:57:24,-07:00,2025-05-02T22:57:24-07:00,0,83
projects/projects.js,74,js,04bbc59d,Praveen Sharma,2025-05-02,22:49:53,-07:00,2025-05-02T22:49:53-07:00,0,0
projects/projects.js,75,js,04bbc59d,Praveen Sharma,2025-05-02,22:49:53,-07:00,2025-05-02T22:49:53-07:00,0,34
projects/projects.js,76,js,04bbc59d,Praveen Sharma,2025-05-02,22:49:53,-07:00,2025-05-02T22:49:53-07:00,0,25
projects/projects.js,77,js,04bbc59d,Praveen Sharma,2025-05-02,22:49:53,-07:00,2025-05-02T22:49:53-07:00,0,2
projects/projects.js,78,js,04bbc59d,Praveen Sharma,2025-05-02,22:49:53,-07:00,2025-05-02T22:49:53-07:00,0,14
projects/projects.js,79,js,04bbc59d,Praveen Sharma,2025-05-02,22:49:53,-07:00,2025-05-02T22:49:53-07:00,0,14
projects/projects.js,80,js,04bbc59d,Praveen Sharma,2025-05-02,22:49:53,-07:00,2025-05-02T22:49:53-07:00,0,23
projects/projects.js,81,js,04bbc59d,Praveen Sharma,2025-05-02,22:49:53,-07:00,2025-05-02T22:49:53-07:00,0,52
projects/projects.js,82,js,04bbc59d,Praveen Sharma,2025-05-02,22:49:53,-07:00,2025-05-02T22:49:53-07:00,0,19
projects/projects.js,83,js,04bbc59d,Praveen Sharma,2025-05-02,22:49:53,-07:00,2025-05-02T22:49:53-07:00,0,44
projects/projects.js,84,js,41d7ba14,Praveen Sharma,2025-05-02,22:57:24,-07:00,2025-05-02T22:57:24-07:00,0,0
projects/projects.js,85,js,04bbc59d,Praveen Sharma,2025-05-02,22:49:53,-07:00,2025-05-02T22:49:53-07:00,0,20
projects/projects.js,86,js,04bbc59d,Praveen Sharma,2025-05-02,22:49:53,-07:00,2025-05-02T22:49:53-07:00,0,69
projects/projects.js,87,js,41d7ba14,Praveen Sharma,2025-05-02,22:57:24,-07:00,2025-05-02T22:57:24-07:00,0,0
projects/projects.js,88,js,04bbc59d,Praveen Sharma,2025-05-02,22:49:53,-07:00,2025-05-02T22:49:53-07:00,0,25
projects/projects.js,89,js,04bbc59d,Praveen Sharma,2025-05-02,22:49:53,-07:00,2025-05-02T22:49:53-07:00,0,69
projects/projects.js,90,js,41d7ba14,Praveen Sharma,2025-05-02,22:57:24,-07:00,2025-05-02T22:57:24-07:00,0,0
projects/projects.js,91,js,04bbc59d,Praveen Sharma,2025-05-02,22:49:53,-07:00,2025-05-02T22:49:53-07:00,0,49
projects/projects.js,92,js,41d7ba14,Praveen Sharma,2025-05-02,22:57:24,-07:00,2025-05-02T22:57:24-07:00,0,46
projects/projects.js,93,js,41d7ba14,Praveen Sharma,2025-05-02,22:57:24,-07:00,2025-05-02T22:57:24-07:00,0,82
projects/projects.js,94,js,41d7ba14,Praveen Sharma,2025-05-02,22:57:24,-07:00,2025-05-02T22:57:24-07:00,0,84
projects/projects.js,95,js,04bbc59d,Praveen Sharma,2025-05-02,22:49:53,-07:00,2025-05-02T22:49:53-07:00,0,30
projects/projects.js,96,js,04bbc59d,Praveen Sharma,2025-05-02,22:49:53,-07:00,2025-05-02T22:49:53-07:00,0,2
projects/projects.js,97,js,41d7ba14,Praveen Sharma,2025-05-02,22:57:24,-07:00,2025-05-02T22:57:24-07:00,0,0
projects/projects.js,98,js,04bbc59d,Praveen Sharma,2025-05-02,22:49:53,-07:00,2025-05-02T22:49:53-07:00,0,49
projects/projects.js,99,js,41d7ba14,Praveen Sharma,2025-05-02,22:57:24,-07:00,2025-05-02T22:57:24-07:00,0,0
projects/projects.js,100,js,04bbc59d,Praveen Sharma,2025-05-02,22:49:53,-07:00,2025-05-02T22:49:53-07:00,0,19
projects/projects.js,101,js,04bbc59d,Praveen Sharma,2025-05-02,22:49:53,-07:00,2025-05-02T22:49:53-07:00,0,26
projects/projects.js,102,js,04bbc59d,Praveen Sharma,2025-05-02,22:49:53,-07:00,2025-05-02T22:49:53-07:00,0,66
projects/projects.js,103,js,04bbc59d,Praveen Sharma,2025-05-02,22:49:53,-07:00,2025-05-02T22:49:53-07:00,0,7
projects/projects.js,104,js,04bbc59d,Praveen Sharma,2025-05-02,22:49:53,-07:00,2025-05-02T22:49:53-07:00,0,36
projects/projects.js,105,js,04bbc59d,Praveen Sharma,2025-05-02,22:49:53,-07:00,2025-05-02T22:49:53-07:00,0,86
projects/projects.js,106,js,04bbc59d,Praveen Sharma,2025-05-02,22:49:53,-07:00,2025-05-02T22:49:53-07:00,0,0
projects/projects.js,107,js,04bbc59d,Praveen Sharma,2025-05-02,22:49:53,-07:00,2025-05-02T22:49:53-07:00,0,0
projects/projects.js,108,js,04bbc59d,Praveen Sharma,2025-05-02,22:49:53,-07:00,2025-05-02T22:49:53-07:00,0,2
projects/projects.js,109,js,04bbc59d,Praveen Sharma,2025-05-02,22:49:53,-07:00,2025-05-02T22:49:53-07:00,0,2
projects/projects.js,110,js,04bbc59d,Praveen Sharma,2025-05-02,22:49:53,-07:00,2025-05-02T22:49:53-07:00,0,0
projects/projects.js,111,js,04bbc59d,Praveen Sharma,2025-05-02,22:49:53,-07:00,2025-05-02T22:49:53-07:00,0,13
projects/projects.js,112,js,04bbc59d,Praveen Sharma,2025-05-02,22:49:53,-07:00,2025-05-02T22:49:53-07:00,0,23
projects/projects.js,113,js,04bbc59d,Praveen Sharma,2025-05-02,22:49:53,-07:00,2025-05-02T22:49:53-07:00,0,9
projects/projects.js,114,js,04bbc59d,Praveen Sharma,2025-05-02,22:49:53,-07:00,2025-05-02T22:49:53-07:00,0,12
projects/projects.js,115,js,04bbc59d,Praveen Sharma,2025-05-02,22:49:53,-07:00,2025-05-02T22:49:53-07:00,0,37
projects/projects.js,116,js,04bbc59d,Praveen Sharma,2025-05-02,22:49:53,-07:00,2025-05-02T22:49:53-07:00,0,52
projects/projects.js,117,js,04bbc59d,Praveen Sharma,2025-05-02,22:49:53,-07:00,2025-05-02T22:49:53-07:00,0,69
projects/projects.js,118,js,04bbc59d,Praveen Sharma,2025-05-02,22:49:53,-07:00,2025-05-02T22:49:53-07:00,0,19
projects/projects.js,119,js,04bbc59d,Praveen Sharma,2025-05-02,22:49:53,-07:00,2025-05-02T22:49:53-07:00,0,44
projects/projects.js,120,js,41d7ba14,Praveen Sharma,2025-05-02,22:57:24,-07:00,2025-05-02T22:57:24-07:00,0,0
projects/projects.js,121,js,04bbc59d,Praveen Sharma,2025-05-02,22:49:53,-07:00,2025-05-02T22:49:53-07:00,0,20
projects/projects.js,122,js,04bbc59d,Praveen Sharma,2025-05-02,22:49:53,-07:00,2025-05-02T22:49:53-07:00,0,69
projects/projects.js,123,js,41d7ba14,Praveen Sharma,2025-05-02,22:57:24,-07:00,2025-05-02T22:57:24-07:00,0,0
projects/projects.js,124,js,04bbc59d,Praveen Sharma,2025-05-02,22:49:53,-07:00,2025-05-02T22:49:53-07:00,0,25
projects/projects.js,125,js,04bbc59d,Praveen Sharma,2025-05-02,22:49:53,-07:00,2025-05-02T22:49:53-07:00,0,69
projects/projects.js,126,js,41d7ba14,Praveen Sharma,2025-05-02,22:57:24,-07:00,2025-05-02T22:57:24-07:00,0,0
projects/projects.js,127,js,04bbc59d,Praveen Sharma,2025-05-02,22:49:53,-07:00,2025-05-02T22:49:53-07:00,0,49
projects/projects.js,128,js,41d7ba14,Praveen Sharma,2025-05-02,22:57:24,-07:00,2025-05-02T22:57:24-07:00,0,46
projects/projects.js,129,js,41d7ba14,Praveen Sharma,2025-05-02,22:57:24,-07:00,2025-05-02T22:57:24-07:00,0,82
projects/projects.js,130,js,41d7ba14,Praveen Sharma,2025-05-02,22:57:24,-07:00,2025-05-02T22:57:24-07:00,0,84
projects/projects.js,131,js,04bbc59d,Praveen Sharma,2025-05-02,22:49:53,-07:00,2025-05-02T22:49:53-07:00,0,30
projects/projects.js,132,js,04bbc59d,Praveen Sharma,2025-05-02,22:49:53,-07:00,2025-05-02T22:49:53-07:00,0,2
projects/projects.js,133,js,41d7ba14,Praveen Sharma,2025-05-02,22:57:24,-07:00,2025-05-02T22:57:24-07:00,0,0
projects/projects.js,134,js,04bbc59d,Praveen Sharma,2025-05-02,22:49:53,-07:00,2025-05-02T22:49:53-07:00,0,49
projects/projects.js,135,js,41d7ba14,Praveen Sharma,2025-05-02,22:57:24,-07:00,2025-05-02T22:57:24-07:00,0,0
projects/projects.js,136,js,04bbc59d,Praveen Sharma,2025-05-02,22:49:53,-07:00,2025-05-02T22:49:53-07:00,0,19
projects/projects.js,137,js,04bbc59d,Praveen Sharma,2025-05-02,22:49:53,-07:00,2025-05-02T22:49:53-07:00,0,26
projects/projects.js,138,js,04bbc59d,Praveen Sharma,2025-05-02,22:49:53,-07:00,2025-05-02T22:49:53-07:00,0,66
projects/projects.js,139,js,04bbc59d,Praveen Sharma,2025-05-02,22:49:53,-07:00,2025-05-02T22:49:53-07:00,0,7
projects/projects.js,140,js,04bbc59d,Praveen Sharma,2025-05-02,22:49:53,-07:00,2025-05-02T22:49:53-07:00,0,36
projects/projects.js,141,js,04bbc59d,Praveen Sharma,2025-05-02,22:49:53,-07:00,2025-05-02T22:49:53-07:00,0,86
projects/projects.js,142,js,04bbc59d,Praveen Sharma,2025-05-02,22:49:53,-07:00,2025-05-02T22:49:53-07:00,0,0
projects/projects.js,143,js,04bbc59d,Praveen Sharma,2025-05-02,22:49:53,-07:00,2025-05-02T22:49:53-07:00,0,0
projects/projects.js,144,js,04bbc59d,Praveen Sharma,2025-05-02,22:49:53,-07:00,2025-05-02T22:49:53-07:00,0,2
projects/projects.js,145,js,04bbc59d,Praveen Sharma,2025-05-02,22:49:53,-07:00,2025-05-02T22:49:53-07:00,0,2
projects/projects.js,146,js,04bbc59d,Praveen Sharma,2025-05-02,22:49:53,-07:00,2025-05-02T22:49:53-07:00,0,0
projects/index.html,1,html,585da7b3,Praveen Sharma,2025-04-04,17:43:22,-07:00,2025-04-04T17:43:22-07:00,0,14
projects/index.html,2,html,585da7b3,Praveen Sharma,2025-04-04,17:43:22,-07:00,2025-04-04T17:43:22-07:00,0,15
projects/index.html,3,html,585da7b3,Praveen Sharma,2025-04-04,17:43:22,-07:00,2025-04-04T17:43:22-07:00,0,5
projects/index.html,4,html,585da7b3,Praveen Sharma,2025-04-04,17:43:22,-07:00,2025-04-04T17:43:22-07:00,0,21
projects/index.html,5,html,585da7b3,Praveen Sharma,2025-04-04,17:43:22,-07:00,2025-04-04T17:43:22-07:00,0,69
projects/index.html,6,html,585da7b3,Praveen Sharma,2025-04-04,17:43:22,-07:00,2025-04-04T17:43:22-07:00,0,22
projects/index.html,7,html,585da7b3,Praveen Sharma,2025-04-04,17:43:22,-07:00,2025-04-04T17:43:22-07:00,0,42
projects/index.html,8,html,585da7b3,Praveen Sharma,2025-04-04,17:43:22,-07:00,2025-04-04T17:43:22-07:00,0,6
projects/index.html,9,html,585da7b3,Praveen Sharma,2025-04-04,17:43:22,-07:00,2025-04-04T17:43:22-07:00,0,5
projects/index.html,10,html,0cce4e17,Praveen Sharma,2025-04-26,21:10:08,-07:00,2025-04-26T21:10:08-07:00,0,39
projects/index.html,11,html,04bbc59d,Praveen Sharma,2025-05-02,22:49:53,-07:00,2025-05-02T22:49:53-07:00,0,28
projects/index.html,12,html,04bbc59d,Praveen Sharma,2025-05-02,22:49:53,-07:00,2025-05-02T22:49:53-07:00,0,26
projects/index.html,13,html,04bbc59d,Praveen Sharma,2025-05-02,22:49:53,-07:00,2025-05-02T22:49:53-07:00,0,59
projects/index.html,14,html,04bbc59d,Praveen Sharma,2025-05-02,22:49:53,-07:00,2025-05-02T22:49:53-07:00,0,23
projects/index.html,15,html,04bbc59d,Praveen Sharma,2025-05-02,22:49:53,-07:00,2025-05-02T22:49:53-07:00,0,5
projects/index.html,16,html,04bbc59d,Praveen Sharma,2025-05-02,22:49:53,-07:00,2025-05-02T22:49:53-07:00,0,5
projects/index.html,17,html,04bbc59d,Praveen Sharma,2025-05-02,22:49:53,-07:00,2025-05-02T22:49:53-07:00,0,16
projects/index.html,18,html,04bbc59d,Praveen Sharma,2025-05-02,22:49:53,-07:00,2025-05-02T22:49:53-07:00,0,12
projects/index.html,19,html,04bbc59d,Praveen Sharma,2025-05-02,22:49:53,-07:00,2025-05-02T22:49:53-07:00,0,27
projects/index.html,20,html,04bbc59d,Praveen Sharma,2025-05-02,22:49:53,-07:00,2025-05-02T22:49:53-07:00,0,32
projects/index.html,21,html,04bbc59d,Praveen Sharma,2025-05-02,22:49:53,-07:00,2025-05-02T22:49:53-07:00,0,1
projects/index.html,22,html,2fc20c73,Praveen Sharma,2025-04-12,20:28:48,-07:00,2025-04-12T20:28:48-07:00,0,21
projects/index.html,23,html,0cce4e17,Praveen Sharma,2025-04-26,21:10:08,-07:00,2025-04-26T21:10:08-07:00,0,13
projects/index.html,24,html,2fc20c73,Praveen Sharma,2025-04-12,20:28:48,-07:00,2025-04-12T20:28:48-07:00,0,30
projects/index.html,25,html,2fc20c73,Praveen Sharma,2025-04-12,20:28:48,-07:00,2025-04-12T20:28:48-07:00,0,71
projects/index.html,26,html,2fc20c73,Praveen Sharma,2025-04-12,20:28:48,-07:00,2025-04-12T20:28:48-07:00,0,246
projects/index.html,27,html,2fc20c73,Praveen Sharma,2025-04-12,20:28:48,-07:00,2025-04-12T20:28:48-07:00,0,9
projects/index.html,28,html,2fc20c73,Praveen Sharma,2025-04-12,20:28:48,-07:00,2025-04-12T20:28:48-07:00,0,8
projects/index.html,29,html,2fc20c73,Praveen Sharma,2025-04-12,20:28:48,-07:00,2025-04-12T20:28:48-07:00,0,36
projects/index.html,30,html,2fc20c73,Praveen Sharma,2025-04-12,20:28:48,-07:00,2025-04-12T20:28:48-07:00,0,71
projects/index.html,31,html,2fc20c73,Praveen Sharma,2025-04-12,20:28:48,-07:00,2025-04-12T20:28:48-07:00,0,226
projects/index.html,32,html,2fc20c73,Praveen Sharma,2025-04-12,20:28:48,-07:00,2025-04-12T20:28:48-07:00,0,9
projects/index.html,33,html,2fc20c73,Praveen Sharma,2025-04-12,20:28:48,-07:00,2025-04-12T20:28:48-07:00,0,8
projects/index.html,34,html,2fc20c73,Praveen Sharma,2025-04-12,20:28:48,-07:00,2025-04-12T20:28:48-07:00,0,34
projects/index.html,35,html,2fc20c73,Praveen Sharma,2025-04-12,20:28:48,-07:00,2025-04-12T20:28:48-07:00,0,71
projects/index.html,36,html,2fc20c73,Praveen Sharma,2025-04-12,20:28:48,-07:00,2025-04-12T20:28:48-07:00,0,207
projects/index.html,37,html,2fc20c73,Praveen Sharma,2025-04-12,20:28:48,-07:00,2025-04-12T20:28:48-07:00,0,9
projects/index.html,38,html,2fc20c73,Praveen Sharma,2025-04-12,20:28:48,-07:00,2025-04-12T20:28:48-07:00,0,8
projects/index.html,39,html,2fc20c73,Praveen Sharma,2025-04-12,20:28:48,-07:00,2025-04-12T20:28:48-07:00,0,34
projects/index.html,40,html,2fc20c73,Praveen Sharma,2025-04-12,20:28:48,-07:00,2025-04-12T20:28:48-07:00,0,71
projects/index.html,41,html,2fc20c73,Praveen Sharma,2025-04-12,20:28:48,-07:00,2025-04-12T20:28:48-07:00,0,225
projects/index.html,42,html,2fc20c73,Praveen Sharma,2025-04-12,20:28:48,-07:00,2025-04-12T20:28:48-07:00,0,9
projects/index.html,43,html,2fc20c73,Praveen Sharma,2025-04-12,20:28:48,-07:00,2025-04-12T20:28:48-07:00,0,8
projects/index.html,44,html,2fc20c73,Praveen Sharma,2025-04-12,20:28:48,-07:00,2025-04-12T20:28:48-07:00,0,42
projects/index.html,45,html,2fc20c73,Praveen Sharma,2025-04-12,20:28:48,-07:00,2025-04-12T20:28:48-07:00,0,71
projects/index.html,46,html,2fc20c73,Praveen Sharma,2025-04-12,20:28:48,-07:00,2025-04-12T20:28:48-07:00,0,242
projects/index.html,47,html,2fc20c73,Praveen Sharma,2025-04-12,20:28:48,-07:00,2025-04-12T20:28:48-07:00,0,9
projects/index.html,48,html,2fc20c73,Praveen Sharma,2025-04-12,20:28:48,-07:00,2025-04-12T20:28:48-07:00,0,8
projects/index.html,49,html,2fc20c73,Praveen Sharma,2025-04-12,20:28:48,-07:00,2025-04-12T20:28:48-07:00,0,45
projects/index.html,50,html,2fc20c73,Praveen Sharma,2025-04-12,20:28:48,-07:00,2025-04-12T20:28:48-07:00,0,71
projects/index.html,51,html,2fc20c73,Praveen Sharma,2025-04-12,20:28:48,-07:00,2025-04-12T20:28:48-07:00,0,248
projects/index.html,52,html,2fc20c73,Praveen Sharma,2025-04-12,20:28:48,-07:00,2025-04-12T20:28:48-07:00,0,9
projects/index.html,53,html,2fc20c73,Praveen Sharma,2025-04-12,20:28:48,-07:00,2025-04-12T20:28:48-07:00,0,8
projects/index.html,54,html,2fc20c73,Praveen Sharma,2025-04-12,20:28:48,-07:00,2025-04-12T20:28:48-07:00,0,39
projects/index.html,55,html,2fc20c73,Praveen Sharma,2025-04-12,20:28:48,-07:00,2025-04-12T20:28:48-07:00,0,71
projects/index.html,56,html,2fc20c73,Praveen Sharma,2025-04-12,20:28:48,-07:00,2025-04-12T20:28:48-07:00,0,225
projects/index.html,57,html,2fc20c73,Praveen Sharma,2025-04-12,20:28:48,-07:00,2025-04-12T20:28:48-07:00,0,9
projects/index.html,58,html,2fc20c73,Praveen Sharma,2025-04-12,20:28:48,-07:00,2025-04-12T20:28:48-07:00,0,8
projects/index.html,59,html,2fc20c73,Praveen Sharma,2025-04-12,20:28:48,-07:00,2025-04-12T20:28:48-07:00,0,39
projects/index.html,60,html,2fc20c73,Praveen Sharma,2025-04-12,20:28:48,-07:00,2025-04-12T20:28:48-07:00,0,71
projects/index.html,61,html,2fc20c73,Praveen Sharma,2025-04-12,20:28:48,-07:00,2025-04-12T20:28:48-07:00,0,222
projects/index.html,62,html,2fc20c73,Praveen Sharma,2025-04-12,20:28:48,-07:00,2025-04-12T20:28:48-07:00,0,9
projects/index.html,63,html,2fc20c73,Praveen Sharma,2025-04-12,20:28:48,-07:00,2025-04-12T20:28:48-07:00,0,8
projects/index.html,64,html,2fc20c73,Praveen Sharma,2025-04-12,20:28:48,-07:00,2025-04-12T20:28:48-07:00,0,40
projects/index.html,65,html,2fc20c73,Praveen Sharma,2025-04-12,20:28:48,-07:00,2025-04-12T20:28:48-07:00,0,71
projects/index.html,66,html,2fc20c73,Praveen Sharma,2025-04-12,20:28:48,-07:00,2025-04-12T20:28:48-07:00,0,237
projects/index.html,67,html,2fc20c73,Praveen Sharma,2025-04-12,20:28:48,-07:00,2025-04-12T20:28:48-07:00,0,9
projects/index.html,68,html,2fc20c73,Praveen Sharma,2025-04-12,20:28:48,-07:00,2025-04-12T20:28:48-07:00,0,8
projects/index.html,69,html,2fc20c73,Praveen Sharma,2025-04-12,20:28:48,-07:00,2025-04-12T20:28:48-07:00,0,43
projects/index.html,70,html,2fc20c73,Praveen Sharma,2025-04-12,20:28:48,-07:00,2025-04-12T20:28:48-07:00,0,71
projects/index.html,71,html,2fc20c73,Praveen Sharma,2025-04-12,20:28:48,-07:00,2025-04-12T20:28:48-07:00,0,224
projects/index.html,72,html,2fc20c73,Praveen Sharma,2025-04-12,20:28:48,-07:00,2025-04-12T20:28:48-07:00,0,9
projects/index.html,73,html,2fc20c73,Praveen Sharma,2025-04-12,20:28:48,-07:00,2025-04-12T20:28:48-07:00,0,8
projects/index.html,74,html,2fc20c73,Praveen Sharma,2025-04-12,20:28:48,-07:00,2025-04-12T20:28:48-07:00,0,41
projects/index.html,75,html,2fc20c73,Praveen Sharma,2025-04-12,20:28:48,-07:00,2025-04-12T20:28:48-07:00,0,71
projects/index.html,76,html,2fc20c73,Praveen Sharma,2025-04-12,20:28:48,-07:00,2025-04-12T20:28:48-07:00,0,228
projects/index.html,77,html,2fc20c73,Praveen Sharma,2025-04-12,20:28:48,-07:00,2025-04-12T20:28:48-07:00,0,9
projects/index.html,78,html,2fc20c73,Praveen Sharma,2025-04-12,20:28:48,-07:00,2025-04-12T20:28:48-07:00,0,8
projects/index.html,79,html,2fc20c73,Praveen Sharma,2025-04-12,20:28:48,-07:00,2025-04-12T20:28:48-07:00,0,34
projects/index.html,80,html,2fc20c73,Praveen Sharma,2025-04-12,20:28:48,-07:00,2025-04-12T20:28:48-07:00,0,71
projects/index.html,81,html,2fc20c73,Praveen Sharma,2025-04-12,20:28:48,-07:00,2025-04-12T20:28:48-07:00,0,238
projects/index.html,82,html,0cce4e17,Praveen Sharma,2025-04-26,21:10:08,-07:00,2025-04-26T21:10:08-07:00,0,13
projects/index.html,83,html,2fc20c73,Praveen Sharma,2025-04-12,20:28:48,-07:00,2025-04-12T20:28:48-07:00,0,5
projects/index.html,84,html,2976ebab,Praveen Sharma,2025-04-26,21:19:40,-07:00,2025-04-26T21:19:40-07:00,0,50
projects/index.html,85,html,585da7b3,Praveen Sharma,2025-04-04,17:43:22,-07:00,2025-04-04T17:43:22-07:00,0,6
projects/index.html,86,html,585da7b3,Praveen Sharma,2025-04-04,17:43:22,-07:00,2025-04-04T17:43:22-07:00,0,6
contact/index.html,1,html,585da7b3,Praveen Sharma,2025-04-04,17:43:22,-07:00,2025-04-04T17:43:22-07:00,0,14
contact/index.html,2,html,585da7b3,Praveen Sharma,2025-04-04,17:43:22,-07:00,2025-04-04T17:43:22-07:00,0,15
contact/index.html,3,html,585da7b3,Praveen Sharma,2025-04-04,17:43:22,-07:00,2025-04-04T17:43:22-07:00,0,5
contact/index.html,4,html,585da7b3,Praveen Sharma,2025-04-04,17:43:22,-07:00,2025-04-04T17:43:22-07:00,0,21
contact/index.html,5,html,585da7b3,Praveen Sharma,2025-04-04,17:43:22,-07:00,2025-04-04T17:43:22-07:00,0,69
contact/index.html,6,html,585da7b3,Praveen Sharma,2025-04-04,17:43:22,-07:00,2025-04-04T17:43:22-07:00,0,21
contact/index.html,7,html,585da7b3,Praveen Sharma,2025-04-04,17:43:22,-07:00,2025-04-04T17:43:22-07:00,0,42
contact/index.html,8,html,1a03c1a3,Praveen Sharma,2025-04-18,15:05:06,-07:00,2025-04-18T15:05:06-07:00,0,49
contact/index.html,9,html,585da7b3,Praveen Sharma,2025-04-04,17:43:22,-07:00,2025-04-04T17:43:22-07:00,0,6
contact/index.html,10,html,585da7b3,Praveen Sharma,2025-04-04,17:43:22,-07:00,2025-04-04T17:43:22-07:00,0,5
contact/index.html,11,html,585da7b3,Praveen Sharma,2025-04-04,17:43:22,-07:00,2025-04-04T17:43:22-07:00,0,15
contact/index.html,12,html,a89292f4,Praveen Sharma,2025-04-04,19:13:45,-07:00,2025-04-04T19:13:45-07:00,0,74
contact/index.html,13,html,a89292f4,Praveen Sharma,2025-04-04,19:13:45,-07:00,2025-04-04T19:13:45-07:00,0,6
contact/index.html,14,html,2fc20c73,Praveen Sharma,2025-04-12,20:28:48,-07:00,2025-04-12T20:28:48-07:00,0,5
contact/index.html,15,html,a89292f4,Praveen Sharma,2025-04-04,19:13:45,-07:00,2025-04-04T19:13:45-07:00,0,32
contact/index.html,16,html,a89292f4,Praveen Sharma,2025-04-04,19:13:45,-07:00,2025-04-04T19:13:45-07:00,0,7
contact/index.html,17,html,a89292f4,Praveen Sharma,2025-04-04,19:13:45,-07:00,2025-04-04T19:13:45-07:00,0,6
contact/index.html,18,html,2fc20c73,Praveen Sharma,2025-04-12,20:28:48,-07:00,2025-04-12T20:28:48-07:00,0,7
contact/index.html,19,html,a89292f4,Praveen Sharma,2025-04-04,19:13:45,-07:00,2025-04-04T19:13:45-07:00,0,21
contact/index.html,20,html,a89292f4,Praveen Sharma,2025-04-04,19:13:45,-07:00,2025-04-04T19:13:45-07:00,0,7
contact/index.html,21,html,a89292f4,Praveen Sharma,2025-04-04,19:13:45,-07:00,2025-04-04T19:13:45-07:00,0,6
contact/index.html,22,html,2fc20c73,Praveen Sharma,2025-04-12,20:28:48,-07:00,2025-04-12T20:28:48-07:00,0,7
contact/index.html,23,html,a89292f4,Praveen Sharma,2025-04-04,19:13:45,-07:00,2025-04-04T19:13:45-07:00,0,32
contact/index.html,24,html,a89292f4,Praveen Sharma,2025-04-04,19:13:45,-07:00,2025-04-04T19:13:45-07:00,0,7
contact/index.html,25,html,a89292f4,Praveen Sharma,2025-04-04,19:13:45,-07:00,2025-04-04T19:13:45-07:00,0,22
contact/index.html,26,html,a89292f4,Praveen Sharma,2025-04-04,19:13:45,-07:00,2025-04-04T19:13:45-07:00,0,6
contact/index.html,27,html,585da7b3,Praveen Sharma,2025-04-04,17:43:22,-07:00,2025-04-04T17:43:22-07:00,0,6
contact/index.html,28,html,585da7b3,Praveen Sharma,2025-04-04,17:43:22,-07:00,2025-04-04T17:43:22-07:00,0,6
